inverter_name,event_name,event_code,event_type,time_start_utc,time_end_utc,duration_min,description
STT-TS1-INV01,AlarmWorkState1-On-grid: Power limit,201,Alarm,2026-03-12T09:43:53.3040000Z,2026-03-12T14:41:23.3430000Z,0.0,On-grid: Power limit
STT-TS1-INV02,AlarmWorkState1-On-grid: Power limit,201,Alarm,2026-03-12T09:43:53.3670000Z,2026-03-12T14:41:23.4050000Z,0.0,On-grid: Power limit
STT-TS1-INV03,AlarmWorkState1-On-grid: Power limit,201,Alarm,2026-03-12T09:43:53.4170000Z,2026-03-12T14:41:23.4500000Z,0.0,On-grid: Power limit
STT-TS1-INV01,AlarmWorkState1-On-grid: Power limit,201,Alarm,2026-03-13T08:49:23.9680000Z,2026-03-13T14:40:53.8560000Z,0.0,On-grid: Power limit
STT-TS1-INV02,AlarmWorkState1-On-grid: Power limit,201,Alarm,2026-03-13T08:49:25.0620000Z,2026-03-13T14:40:54.9100000Z,0.0,On-grid: Power limit
STT-TS1-INV03,AlarmWorkState1-On-grid: Power limit,201,Alarm,2026-03-13T08:49:25.4300000Z,2026-03-13T14:40:54.9660000Z,0.0,On-grid: Power limit
STT-TS1-INV01,AlarmWorkState1-Shutdown: Fault,300,Alarm,2026-03-26T08:11:13.9240000Z,2026-03-26T08:24:14.0280000Z,0.0,Shutdown: Fault
STT-TS1-INV02,AlarmError2032,2032,Alarm,2026-03-26T08:11:16.6440000Z,2026-03-26T09:05:47.3140000Z,0.0,Grid Loss
STT-TS1-INV02,AlarmWorkState1-Shutdown: Fault,300,Alarm,2026-03-26T08:11:16.6540000Z,2026-03-26T08:19:45.7930000Z,0.0,Shutdown: Fault
STT-TS1-INV03,AlarmError2032,2032,Alarm,2026-03-26T08:11:16.7630000Z,2026-03-26T09:05:14.2280000Z,0.0,Grid Loss
STT-TS1-INV03,AlarmWorkState1-Shutdown: Fault,300,Alarm,2026-03-26T08:11:16.7720000Z,2026-03-26T08:28:14.2960000Z,0.0,Shutdown: Fault
STT-TS1-INV01,AlarmError2032,2032,Alarm,2026-03-26T08:11:43.9180000Z,2026-03-26T09:05:43.9530000Z,0.0,Grid Loss
STT-TS1-INV03,AlarmWorkState1-Shutdown: Fault,300,Alarm,2026-03-26T08:49:44.1710000Z,2026-03-26T09:05:14.2360000Z,0.0,Shutdown: Fault
STT-TS1-INV01,AlarmWorkState1-On-grid: Power limit,201,Alarm,2026-04-01T12:23:48.3390000Z,2026-04-01T12:24:53.0410000Z,0.0,On-grid: Power limit
STT-TS1-INV02,AlarmWorkState1-On-grid: Power limit,201,Alarm,2026-04-01T12:23:48.3870000Z,2026-04-01T12:24:53.1800000Z,0.0,On-grid: Power limit
STT-TS1-INV03,AlarmWorkState1-On-grid: Power limit,201,Alarm,2026-04-01T12:23:48.4460000Z,2026-04-01T12:24:53.2250000Z,0.0,On-grid: Power limit
STT-TS1-INV01,AlarmWorkState1-On-grid: Power limit,201,Alarm,2026-04-01T12:33:23.5200000Z,2026-04-01T12:33:52.9950000Z,0.0,On-grid: Power limit
STT-TS1-INV02,AlarmWorkState1-On-grid: Power limit,201,Alarm,2026-04-01T12:33:23.6320000Z,2026-04-01T12:33:53.0780000Z,0.0,On-grid: Power limit
STT-TS1-INV03,AlarmWorkState1-On-grid: Power limit,201,Alarm,2026-04-01T12:33:23.6840000Z,2026-04-01T12:33:53.1410000Z,0.0,On-grid: Power limit
STT-TS1-INV01,AlarmWorkState1-On-grid: Power limit,201,Alarm,2026-04-04T07:37:20.6450000Z,2026-04-04T14:26:20.7630000Z,0.0,On-grid: Power limit
STT-TS1-INV02,AlarmWorkState1-On-grid: Power limit,201,Alarm,2026-04-04T07:37:22.0270000Z,2026-04-04T14:26:20.9880000Z,0.0,On-grid: Power limit
STT-TS1-INV03,AlarmWorkState1-On-grid: Power limit,201,Alarm,2026-04-04T07:37:22.0790000Z,2026-04-04T14:26:21.5450000Z,0.0,On-grid: Power limit
STT-TS1-INV01,AlarmWorkState1-On-grid: Power limit,201,Alarm,2026-04-06T10:56:52.0650000Z,2026-04-06T10:57:22.0760000Z,0.0,On-grid: Power limit
STT-TS1-INV02,AlarmWorkState1-On-grid: Power limit,201,Alarm,2026-04-06T10:56:52.1480000Z,2026-04-06T10:57:23.1770000Z,0.0,On-grid: Power limit
STT-TS1-INV03,AlarmWorkState1-On-grid: Power limit,201,Alarm,2026-04-06T10:56:53.0990000Z,2026-04-06T10:57:23.2220000Z,0.0,On-grid: Power limit
STT-TS1-INV01,AlarmWorkState1-On-grid: Power limit,201,Alarm,2026-04-06T12:51:22.1010000Z,2026-04-06T16:08:52.3230000Z,0.0,On-grid: Power limit
STT-TS1-INV02,AlarmWorkState1-On-grid: Power limit,201,Alarm,2026-04-06T12:51:22.1800000Z,2026-04-06T16:08:55.3680000Z,0.0,On-grid: Power limit
STT-TS1-INV03,AlarmWorkState1-On-grid: Power limit,201,Alarm,2026-04-06T12:51:22.2060000Z,2026-04-06T16:08:55.4050000Z,0.0,On-grid: Power limit
STT-TS1-INV01,AlarmWorkState1-On-grid: Power limit,201,Alarm,2026-04-10T09:46:28.4960000Z,2026-04-10T09:46:55.3270000Z,0.0,On-grid: Power limit
STT-TS1-INV02,AlarmWorkState1-On-grid: Power limit,201,Alarm,2026-04-10T09:46:28.5910000Z,2026-04-10T09:46:55.3900000Z,0.0,On-grid: Power limit
STT-TS1-INV03,AlarmWorkState1-On-grid: Power limit,201,Alarm,2026-04-10T09:46:28.6420000Z,2026-04-10T09:46:55.4560000Z,0.0,On-grid: Power limit
STT-TS1-INV01,AlarmWorkState1-On-grid: Power limit,201,Alarm,2026-04-10T09:49:25.3400000Z,2026-04-10T09:49:55.3220000Z,0.0,On-grid: Power limit
STT-TS1-INV02,AlarmWorkState1-On-grid: Power limit,201,Alarm,2026-04-10T09:49:26.2550000Z,2026-04-10T09:49:55.3700000Z,0.0,On-grid: Power limit
STT-TS1-INV03,AlarmWorkState1-On-grid: Power limit,201,Alarm,2026-04-10T09:49:26.3240000Z,2026-04-10T09:49:55.4380000Z,0.0,On-grid: Power limit
STT-TS1-INV01,AlarmWorkState1-On-grid: Power limit,201,Alarm,2026-04-10T14:02:29.3310000Z,2026-04-10T14:12:55.4070000Z,0.0,On-grid: Power limit
STT-TS1-INV02,AlarmWorkState1-On-grid: Power limit,201,Alarm,2026-04-10T14:02:29.3890000Z,2026-04-10T14:12:55.4560000Z,0.0,On-grid: Power limit
STT-TS1-INV03,AlarmWorkState1-On-grid: Power limit,201,Alarm,2026-04-10T14:02:29.4490000Z,2026-04-10T14:12:55.5280000Z,0.0,On-grid: Power limit
STT-TS1-INV01,AlarmWorkState1-On-grid: Power limit,201,Alarm,2026-04-10T14:14:25.3990000Z,2026-04-10T14:17:55.4290000Z,0.0,On-grid: Power limit
STT-TS1-INV02,AlarmWorkState1-On-grid: Power limit,201,Alarm,2026-04-10T14:14:28.2820000Z,2026-04-10T14:18:00.0250000Z,0.0,On-grid: Power limit
STT-TS1-INV03,AlarmWorkState1-On-grid: Power limit,201,Alarm,2026-04-10T14:14:28.3450000Z,2026-04-10T14:18:00.0830000Z,0.0,On-grid: Power limit
STT-TS1-INV01,AlarmWorkState1-On-grid: Power limit,201,Alarm,2026-04-10T14:19:25.4130000Z,2026-04-10T14:19:55.4170000Z,0.0,On-grid: Power limit
STT-TS1-INV02,AlarmWorkState1-On-grid: Power limit,201,Alarm,2026-04-10T14:19:25.4660000Z,2026-04-10T14:19:59.5990000Z,0.0,On-grid: Power limit
STT-TS1-INV03,AlarmWorkState1-On-grid: Power limit,201,Alarm,2026-04-10T14:19:25.5180000Z,2026-04-10T14:19:59.6710000Z,0.0,On-grid: Power limit
STT-TS1-INV01,AlarmWorkState1-On-grid: Power limit,201,Alarm,2026-04-10T14:23:25.4040000Z,2026-04-10T14:24:25.4160000Z,0.0,On-grid: Power limit
STT-TS1-INV02,AlarmWorkState1-On-grid: Power limit,201,Alarm,2026-04-10T14:23:25.4740000Z,2026-04-10T14:24:25.5280000Z,0.0,On-grid: Power limit
STT-TS1-INV03,AlarmWorkState1-On-grid: Power limit,201,Alarm,2026-04-10T14:23:25.5290000Z,2026-04-10T14:24:25.5710000Z,0.0,On-grid: Power limit
STT-TS1-INV01,AlarmWorkState1-On-grid: Power limit,201,Alarm,2026-04-10T14:25:55.4150000Z,2026-04-10T14:27:55.4120000Z,0.0,On-grid: Power limit
STT-TS1-INV02,AlarmWorkState1-On-grid: Power limit,201,Alarm,2026-04-10T14:25:55.4970000Z,2026-04-10T14:27:56.1820000Z,0.0,On-grid: Power limit
STT-TS1-INV03,AlarmWorkState1-On-grid: Power limit,201,Alarm,2026-04-10T14:25:55.5420000Z,2026-04-10T14:27:56.2480000Z,0.0,On-grid: Power limit
STT-TS1-INV01,AlarmWorkState1-On-grid: Power limit,201,Alarm,2026-04-13T07:52:57.5900000Z,2026-04-13T07:55:03.9570000Z,0.0,On-grid: Power limit
STT-TS1-INV02,AlarmWorkState1-On-grid: Power limit,201,Alarm,2026-04-13T07:53:02.0420000Z,2026-04-13T07:55:04.0380000Z,0.0,On-grid: Power limit
STT-TS1-INV03,AlarmWorkState1-On-grid: Power limit,201,Alarm,2026-04-13T07:53:02.0980000Z,2026-04-13T07:55:04.0990000Z,0.0,On-grid: Power limit
STT-TS1-INV01,AlarmWorkState1-On-grid: Power limit,201,Alarm,2026-04-13T10:00:57.7230000Z,2026-04-13T10:10:27.7270000Z,0.0,On-grid: Power limit
STT-TS1-INV02,AlarmWorkState1-On-grid: Power limit,201,Alarm,2026-04-13T10:00:57.7800000Z,2026-04-13T10:10:27.8820000Z,0.0,On-grid: Power limit
STT-TS1-INV03,AlarmWorkState1-On-grid: Power limit,201,Alarm,2026-04-13T10:00:57.8340000Z,2026-04-13T10:10:27.9640000Z,0.0,On-grid: Power limit
STT-TS1-INV01,AlarmWorkState1-On-grid: Power limit,201,Alarm,2026-04-13T11:00:57.7650000Z,2026-04-13T11:10:27.7810000Z,0.0,On-grid: Power limit
STT-TS1-INV02,AlarmWorkState1-On-grid: Power limit,201,Alarm,2026-04-13T11:00:57.8270000Z,2026-04-13T11:10:27.8980000Z,0.0,On-grid: Power limit
STT-TS1-INV03,AlarmWorkState1-On-grid: Power limit,201,Alarm,2026-04-13T11:00:57.9200000Z,2026-04-13T11:10:27.9580000Z,0.0,On-grid: Power limit
STT-TS1-INV01,AlarmWorkState1-On-grid: Power limit,201,Alarm,2026-04-13T11:30:57.7840000Z,2026-04-13T11:40:27.7840000Z,0.0,On-grid: Power limit
STT-TS1-INV02,AlarmWorkState1-On-grid: Power limit,201,Alarm,2026-04-13T11:30:57.8710000Z,2026-04-13T11:40:27.8640000Z,0.0,On-grid: Power limit
STT-TS1-INV03,AlarmWorkState1-On-grid: Power limit,201,Alarm,2026-04-13T11:30:57.9270000Z,2026-04-13T11:40:27.9380000Z,0.0,On-grid: Power limit
STT-TS1-INV01,AlarmWorkState1-On-grid: Power limit,201,Alarm,2026-04-15T09:16:05.0290000Z,2026-04-15T09:16:29.4010000Z,0.0,On-grid: Power limit
STT-TS1-INV02,AlarmWorkState1-On-grid: Power limit,201,Alarm,2026-04-15T09:16:05.3830000Z,2026-04-15T09:16:34.5930000Z,0.0,On-grid: Power limit
STT-TS1-INV03,AlarmWorkState1-On-grid: Power limit,201,Alarm,2026-04-15T09:16:05.4160000Z,2026-04-15T09:16:34.6160000Z,0.0,On-grid: Power limit
STT-TS1-INV01,AlarmWorkState1-On-grid: Power limit,201,Alarm,2026-04-15T12:01:04.5590000Z,2026-04-15T12:10:29.4440000Z,0.0,On-grid: Power limit
STT-TS1-INV02,AlarmWorkState1-On-grid: Power limit,201,Alarm,2026-04-15T12:01:05.0350000Z,2026-04-15T12:10:32.1200000Z,0.0,On-grid: Power limit
STT-TS1-INV03,AlarmWorkState1-On-grid: Power limit,201,Alarm,2026-04-15T12:01:05.1070000Z,2026-04-15T12:10:32.1480000Z,0.0,On-grid: Power limit
STT-TS1-INV01,AlarmWorkState1-On-grid: Power limit,201,Alarm,2026-04-15T12:31:30.4710000Z,2026-04-15T12:45:29.4520000Z,0.0,On-grid: Power limit
STT-TS1-INV02,AlarmWorkState1-On-grid: Power limit,201,Alarm,2026-04-15T12:31:32.5470000Z,2026-04-15T12:45:35.5400000Z,0.0,On-grid: Power limit
STT-TS1-INV03,AlarmWorkState1-On-grid: Power limit,201,Alarm,2026-04-15T12:31:32.6010000Z,2026-04-15T12:45:35.5980000Z,0.0,On-grid: Power limit
STT-TS1-INV01,AlarmWorkState1-On-grid: Power limit,201,Alarm,2026-04-15T13:00:59.4640000Z,2026-04-15T13:15:29.4710000Z,0.0,On-grid: Power limit
STT-TS1-INV02,AlarmWorkState1-On-grid: Power limit,201,Alarm,2026-04-15T13:00:59.5690000Z,2026-04-15T13:15:29.5490000Z,0.0,On-grid: Power limit
STT-TS1-INV03,AlarmWorkState1-On-grid: Power limit,201,Alarm,2026-04-15T13:00:59.6020000Z,2026-04-15T13:15:29.5950000Z,0.0,On-grid: Power limit
STT-TS1-INV03,AlarmWorkState1-On-grid: Power limit,201,Alarm,2026-04-16T10:09:00.7910000Z,2026-04-16T10:09:31.2940000Z,0.0,On-grid: Power limit
STT-TS1-INV01,AlarmWorkState1-On-grid: Power limit,201,Alarm,2026-04-16T10:12:30.1280000Z,2026-04-16T10:13:00.1090000Z,0.0,On-grid: Power limit
STT-TS1-INV02,AlarmWorkState1-On-grid: Power limit,201,Alarm,2026-04-16T10:12:30.2360000Z,2026-04-16T10:13:00.1910000Z,0.0,On-grid: Power limit
STT-TS1-INV03,AlarmWorkState1-On-grid: Power limit,201,Alarm,2026-04-16T10:12:30.2870000Z,2026-04-16T10:13:00.2470000Z,0.0,On-grid: Power limit
STT-TS1-INV03,AlarmWorkState1-On-grid: Power limit,201,Alarm,2026-04-16T10:16:00.2750000Z,2026-04-16T10:17:00.7460000Z,0.0,On-grid: Power limit
STT-TS1-INV01,AlarmWorkState1-On-grid: Power limit,201,Alarm,2026-04-16T10:19:30.1150000Z,2026-04-16T10:20:00.1090000Z,0.0,On-grid: Power limit
STT-TS1-INV01,AlarmWorkState1-On-grid: Power limit,201,Alarm,2026-04-16T10:20:30.1390000Z,2026-04-16T10:21:30.1560000Z,0.0,On-grid: Power limit
STT-TS1-INV02,AlarmWorkState1-On-grid: Power limit,201,Alarm,2026-04-16T10:20:30.2620000Z,2026-04-16T10:22:00.2030000Z,0.0,On-grid: Power limit
STT-TS1-INV03,AlarmWorkState1-On-grid: Power limit,201,Alarm,2026-04-16T10:20:30.3380000Z,2026-04-16T10:22:00.2810000Z,0.0,On-grid: Power limit
STT-TS1-INV01,AlarmWorkState1-On-grid: Power limit,201,Alarm,2026-04-16T10:24:30.1450000Z,2026-04-16T10:25:00.1390000Z,0.0,On-grid: Power limit
STT-TS1-INV02,AlarmWorkState1-On-grid: Power limit,201,Alarm,2026-04-16T10:24:30.2290000Z,2026-04-16T10:25:00.1810000Z,0.0,On-grid: Power limit
STT-TS1-INV03,AlarmWorkState1-On-grid: Power limit,201,Alarm,2026-04-16T10:24:30.3000000Z,2026-04-16T10:25:00.2110000Z,0.0,On-grid: Power limit
STT-TS1-INV01,AlarmWorkState1-On-grid: Power limit,201,Alarm,2026-04-16T10:27:30.1270000Z,2026-04-16T10:30:00.3090000Z,0.0,On-grid: Power limit
STT-TS1-INV02,AlarmWorkState1-On-grid: Power limit,201,Alarm,2026-04-16T10:27:30.1760000Z,2026-04-16T10:30:01.5120000Z,0.0,On-grid: Power limit
STT-TS1-INV03,AlarmWorkState1-On-grid: Power limit,201,Alarm,2026-04-16T10:27:31.1980000Z,2026-04-16T10:30:01.5900000Z,0.0,On-grid: Power limit
STT-TS1-INV01,AlarmWorkState1-On-grid: Power limit,201,Alarm,2026-04-16T10:32:30.1270000Z,2026-04-16T10:34:30.1490000Z,0.0,On-grid: Power limit
STT-TS1-INV02,AlarmWorkState1-On-grid: Power limit,201,Alarm,2026-04-16T10:32:30.3320000Z,2026-04-16T10:34:30.3790000Z,0.0,On-grid: Power limit
STT-TS1-INV03,AlarmWorkState1-On-grid: Power limit,201,Alarm,2026-04-16T10:32:30.3850000Z,2026-04-16T10:34:30.4160000Z,0.0,On-grid: Power limit
STT-TS1-INV01,AlarmWorkState1-On-grid: Power limit,201,Alarm,2026-04-16T10:39:30.1320000Z,2026-04-16T10:40:00.1330000Z,0.0,On-grid: Power limit
STT-TS1-INV01,AlarmWorkState1-On-grid: Power limit,201,Alarm,2026-04-16T10:41:00.1200000Z,2026-04-16T10:51:00.1470000Z,0.0,On-grid: Power limit
STT-TS1-INV02,AlarmWorkState1-On-grid: Power limit,201,Alarm,2026-04-16T10:41:00.1810000Z,2026-04-16T10:51:02.0970000Z,0.0,On-grid: Power limit
STT-TS1-INV03,AlarmWorkState1-On-grid: Power limit,201,Alarm,2026-04-16T10:41:00.2540000Z,2026-04-16T10:51:02.1420000Z,0.0,On-grid: Power limit
STT-TS1-INV01,AlarmWorkState1-On-grid: Power limit,201,Alarm,2026-04-16T10:51:30.1470000Z,2026-04-16T10:52:30.1400000Z,0.0,On-grid: Power limit
STT-TS1-INV02,AlarmWorkState1-On-grid: Power limit,201,Alarm,2026-04-16T10:51:31.0440000Z,2026-04-16T10:52:30.2760000Z,0.0,On-grid: Power limit
STT-TS1-INV03,AlarmWorkState1-On-grid: Power limit,201,Alarm,2026-04-16T10:51:31.1000000Z,2026-04-16T10:52:30.3120000Z,0.0,On-grid: Power limit
STT-TS1-INV01,AlarmWorkState1-On-grid: Power limit,201,Alarm,2026-04-16T10:53:30.1530000Z,2026-04-16T10:54:30.1430000Z,0.0,On-grid: Power limit
STT-TS1-INV02,AlarmWorkState1-On-grid: Power limit,201,Alarm,2026-04-16T10:53:30.2170000Z,2026-04-16T10:54:30.2510000Z,0.0,On-grid: Power limit
STT-TS1-INV03,AlarmWorkState1-On-grid: Power limit,201,Alarm,2026-04-16T10:53:30.2920000Z,2026-04-16T10:54:30.2820000Z,0.0,On-grid: Power limit
STT-TS1-INV01,AlarmWorkState1-On-grid: Power limit,201,Alarm,2026-04-16T11:00:00.1300000Z,2026-04-16T11:05:00.1710000Z,0.0,On-grid: Power limit
STT-TS1-INV02,AlarmWorkState1-On-grid: Power limit,201,Alarm,2026-04-16T11:00:00.2220000Z,2026-04-16T11:05:00.2260000Z,0.0,On-grid: Power limit
STT-TS1-INV03,AlarmWorkState1-On-grid: Power limit,201,Alarm,2026-04-16T11:00:00.2610000Z,2026-04-16T11:05:00.3000000Z,0.0,On-grid: Power limit
STT-TS1-INV01,AlarmWorkState1-On-grid: Power limit,201,Alarm,2026-04-16T11:07:00.1510000Z,2026-04-16T11:09:00.1420000Z,0.0,On-grid: Power limit
STT-TS1-INV02,AlarmWorkState1-On-grid: Power limit,201,Alarm,2026-04-16T11:07:01.9040000Z,2026-04-16T11:09:00.1670000Z,0.0,On-grid: Power limit
STT-TS1-INV03,AlarmWorkState1-On-grid: Power limit,201,Alarm,2026-04-16T11:07:01.9650000Z,2026-04-16T11:09:00.2140000Z,0.0,On-grid: Power limit
STT-TS1-INV01,AlarmWorkState1-On-grid: Power limit,201,Alarm,2026-04-16T11:10:00.1520000Z,2026-04-16T11:26:00.1750000Z,0.0,On-grid: Power limit
STT-TS1-INV02,AlarmWorkState1-On-grid: Power limit,201,Alarm,2026-04-16T11:10:00.2400000Z,2026-04-16T11:25:30.2190000Z,0.0,On-grid: Power limit
STT-TS1-INV03,AlarmWorkState1-On-grid: Power limit,201,Alarm,2026-04-16T11:10:00.2720000Z,2026-04-16T11:26:00.3150000Z,0.0,On-grid: Power limit
STT-TS1-INV02,AlarmWorkState1-On-grid: Power limit,201,Alarm,2026-04-16T11:28:01.1210000Z,2026-04-16T11:35:00.9910000Z,0.0,On-grid: Power limit
STT-TS1-INV01,AlarmWorkState1-On-grid: Power limit,201,Alarm,2026-04-16T11:28:30.1560000Z,2026-04-16T11:35:00.1830000Z,0.0,On-grid: Power limit
STT-TS1-INV03,AlarmWorkState1-On-grid: Power limit,201,Alarm,2026-04-16T11:28:30.3750000Z,2026-04-16T11:35:33.0620000Z,0.0,On-grid: Power limit
STT-TS1-INV03,AlarmWorkState1-On-grid: Power limit,201,Alarm,2026-04-16T11:43:31.4940000Z,2026-04-16T11:46:30.2860000Z,0.0,On-grid: Power limit
STT-TS1-INV01,AlarmWorkState1-On-grid: Power limit,201,Alarm,2026-04-16T11:47:30.1650000Z,2026-04-16T11:50:30.1850000Z,0.0,On-grid: Power limit
STT-TS1-INV02,AlarmWorkState1-On-grid: Power limit,201,Alarm,2026-04-16T11:48:00.2680000Z,2026-04-16T11:50:30.3820000Z,0.0,On-grid: Power limit
STT-TS1-INV03,AlarmWorkState1-On-grid: Power limit,201,Alarm,2026-04-16T11:48:00.3430000Z,2026-04-16T11:51:00.3070000Z,0.0,On-grid: Power limit
STT-TS1-INV03,AlarmWorkState1-On-grid: Power limit,201,Alarm,2026-04-17T10:37:02.5810000Z,2026-04-17T10:40:31.2170000Z,0.0,On-grid: Power limit
STT-TS1-INV01,AlarmWorkState1-On-grid: Power limit,201,Alarm,2026-04-17T10:37:30.9900000Z,2026-04-17T10:40:30.9830000Z,0.0,On-grid: Power limit
STT-TS1-INV03,AlarmWorkState1-On-grid: Power limit,201,Alarm,2026-04-17T10:43:02.6220000Z,2026-04-17T10:46:02.0090000Z,0.0,On-grid: Power limit
STT-TS1-INV01,AlarmWorkState1-On-grid: Power limit,201,Alarm,2026-04-17T10:43:31.0120000Z,2026-04-17T10:46:01.0210000Z,0.0,On-grid: Power limit
STT-TS1-INV03,AlarmWorkState1-On-grid: Power limit,201,Alarm,2026-04-17T10:54:31.1760000Z,2026-04-17T10:55:02.0500000Z,0.0,On-grid: Power limit
STT-TS1-INV01,AlarmWorkState1-On-grid: Power limit,201,Alarm,2026-04-18T09:59:01.9540000Z,2026-04-18T10:00:31.9620000Z,0.0,On-grid: Power limit
STT-TS1-INV02,AlarmWorkState1-On-grid: Power limit,201,Alarm,2026-04-18T09:59:02.0450000Z,2026-04-18T10:00:02.0020000Z,0.0,On-grid: Power limit
STT-TS1-INV03,AlarmWorkState1-On-grid: Power limit,201,Alarm,2026-04-18T09:59:03.9560000Z,2026-04-18T10:00:32.1920000Z,0.0,On-grid: Power limit
STT-TS1-INV01,AlarmWorkState1-On-grid: Power limit,201,Alarm,2026-04-19T12:01:02.9910000Z,2026-04-19T12:15:38.9590000Z,0.0,On-grid: Power limit
STT-TS1-INV02,AlarmWorkState1-On-grid: Power limit,201,Alarm,2026-04-19T12:01:03.0650000Z,2026-04-19T12:15:39.0030000Z,0.0,On-grid: Power limit
STT-TS1-INV03,AlarmWorkState1-On-grid: Power limit,201,Alarm,2026-04-19T12:01:03.1230000Z,2026-04-19T12:15:39.0690000Z,0.0,On-grid: Power limit
STT-TS1-INV01,AlarmWorkState1-On-grid: Power limit,201,Alarm,2026-04-19T13:01:03.0250000Z,2026-04-19T13:15:33.0360000Z,0.0,On-grid: Power limit
STT-TS1-INV02,AlarmWorkState1-On-grid: Power limit,201,Alarm,2026-04-19T13:01:03.1050000Z,2026-04-19T13:15:33.1180000Z,0.0,On-grid: Power limit
STT-TS1-INV03,AlarmWorkState1-On-grid: Power limit,201,Alarm,2026-04-19T13:01:03.1520000Z,2026-04-19T13:15:33.1680000Z,0.0,On-grid: Power limit
STT-TS1-INV01,AlarmWorkState1-On-grid: Power limit,201,Alarm,2026-04-20T09:46:33.6830000Z,2026-04-20T09:48:33.7150000Z,0.0,On-grid: Power limit
STT-TS1-INV03,AlarmWorkState1-On-grid: Power limit,201,Alarm,2026-04-20T09:46:33.9290000Z,2026-04-20T09:48:04.3960000Z,0.0,On-grid: Power limit
STT-TS1-INV01,AlarmWorkState1-On-grid: Power limit,201,Alarm,2026-04-20T09:49:03.7050000Z,2026-04-20T12:22:33.7370000Z,0.0,On-grid: Power limit
STT-TS1-INV03,AlarmWorkState1-On-grid: Power limit,201,Alarm,2026-04-20T09:49:05.7460000Z,2026-04-20T12:22:04.8160000Z,0.0,On-grid: Power limit
STT-TS1-INV02,AlarmWorkState1-On-grid: Power limit,201,Alarm,2026-04-20T09:53:33.7840000Z,2026-04-20T12:15:03.7850000Z,0.0,On-grid: Power limit
STT-TS1-INV01,AlarmWorkState1-On-grid: Power limit,201,Alarm,2026-04-21T10:10:34.5450000Z,2026-04-21T11:43:34.6050000Z,0.0,On-grid: Power limit
STT-TS1-INV03,AlarmWorkState1-On-grid: Power limit,201,Alarm,2026-04-21T10:13:04.6800000Z,2026-04-21T11:43:35.7020000Z,0.0,On-grid: Power limit
STT-TS1-INV02,AlarmWorkState1-On-grid: Power limit,201,Alarm,2026-04-21T10:14:34.6930000Z,2026-04-21T11:42:34.7510000Z,0.0,On-grid: Power limit
STT-TS1-INV01,AlarmWorkState1-On-grid: Power limit,201,Alarm,2026-04-21T11:50:34.6170000Z,2026-04-21T12:08:04.6140000Z,0.0,On-grid: Power limit
STT-TS1-INV03,AlarmWorkState1-On-grid: Power limit,201,Alarm,2026-04-21T11:52:34.8230000Z,2026-04-21T12:08:04.7480000Z,0.0,On-grid: Power limit
STT-TS1-INV01,AlarmWorkState1-On-grid: Power limit,201,Alarm,2026-04-22T08:31:08.5430000Z,2026-04-22T16:30:14.1420000Z,0.0,On-grid: Power limit
STT-TS1-INV02,AlarmWorkState1-On-grid: Power limit,201,Alarm,2026-04-22T08:31:08.5900000Z,2026-04-22T16:30:42.6800000Z,0.0,On-grid: Power limit
STT-TS1-INV03,AlarmWorkState1-On-grid: Power limit,201,Alarm,2026-04-22T08:31:08.6440000Z,2026-04-22T16:30:42.7160000Z,0.0,On-grid: Power limit
STT-TS1-INV01,AlarmWorkState1-On-grid: Power limit,201,Alarm,2026-04-23T08:16:06.3070000Z,2026-04-23T15:30:36.5590000Z,0.0,On-grid: Power limit
STT-TS1-INV02,AlarmWorkState1-On-grid: Power limit,201,Alarm,2026-04-23T08:16:06.3640000Z,2026-04-23T15:30:36.6260000Z,0.0,On-grid: Power limit
STT-TS1-INV03,AlarmWorkState1-On-grid: Power limit,201,Alarm,2026-04-23T08:16:06.4370000Z,2026-04-23T15:30:36.7010000Z,0.0,On-grid: Power limit
STT-TS1-INV01,AlarmWorkState1-On-grid: Power limit,201,Alarm,2026-04-24T08:46:07.2750000Z,2026-04-24T14:30:37.4370000Z,0.0,On-grid: Power limit
STT-TS1-INV02,AlarmWorkState1-On-grid: Power limit,201,Alarm,2026-04-24T08:46:07.3320000Z,2026-04-24T14:30:40.1740000Z,0.0,On-grid: Power limit
STT-TS1-INV03,AlarmWorkState1-On-grid: Power limit,201,Alarm,2026-04-24T08:46:07.4120000Z,2026-04-24T14:30:40.2240000Z,0.0,On-grid: Power limit
STT-TS1-INV01,AlarmWorkState1-On-grid: Power limit,201,Alarm,2026-04-25T06:31:08.5260000Z,2026-04-25T16:45:38.4010000Z,0.0,On-grid: Power limit
STT-TS1-INV02,AlarmWorkState1-On-grid: Power limit,201,Alarm,2026-04-25T06:31:08.5980000Z,2026-04-25T16:45:38.4790000Z,0.0,On-grid: Power limit
STT-TS1-INV03,AlarmWorkState1-On-grid: Power limit,201,Alarm,2026-04-25T06:31:08.6590000Z,2026-04-25T16:45:38.5340000Z,0.0,On-grid: Power limit
STT-TS1-INV01,AlarmWorkState1-On-grid: Power limit,201,Alarm,2026-04-26T07:31:11.8500000Z,2026-04-26T15:45:39.1350000Z,0.0,On-grid: Power limit
STT-TS1-INV02,AlarmWorkState1-On-grid: Power limit,201,Alarm,2026-04-26T07:31:11.8950000Z,2026-04-26T15:45:39.2050000Z,0.0,On-grid: Power limit
STT-TS1-INV03,AlarmWorkState1-On-grid: Power limit,201,Alarm,2026-04-26T07:31:11.9260000Z,2026-04-26T15:45:39.2610000Z,0.0,On-grid: Power limit
STT-TS1-INV01,AlarmWorkState1-On-grid: Power limit,201,Alarm,2026-04-27T09:38:09.7010000Z,2026-04-27T09:39:39.6980000Z,0.0,On-grid: Power limit
STT-TS1-INV02,AlarmWorkState1-On-grid: Power limit,201,Alarm,2026-04-27T09:38:11.6320000Z,2026-04-27T09:39:10.5120000Z,0.0,On-grid: Power limit
STT-TS1-INV03,AlarmWorkState1-On-grid: Power limit,201,Alarm,2026-04-27T09:38:11.6880000Z,2026-04-27T09:39:40.5340000Z,0.0,On-grid: Power limit
STT-TS1-INV01,AlarmWorkState1-On-grid: Power limit,201,Alarm,2026-04-27T09:40:39.7130000Z,2026-04-27T09:41:09.7230000Z,0.0,On-grid: Power limit
STT-TS1-INV01,AlarmWorkState1-On-grid: Power limit,201,Alarm,2026-04-27T09:48:09.7060000Z,2026-04-27T09:50:09.7060000Z,0.0,On-grid: Power limit
STT-TS1-INV03,AlarmWorkState1-On-grid: Power limit,201,Alarm,2026-04-27T09:48:10.5520000Z,2026-04-27T09:50:11.4950000Z,0.0,On-grid: Power limit
STT-TS1-INV02,AlarmWorkState1-On-grid: Power limit,201,Alarm,2026-04-27T09:48:39.9360000Z,2026-04-27T09:49:09.7660000Z,0.0,On-grid: Power limit
STT-TS1-INV01,AlarmWorkState1-On-grid: Power limit,201,Alarm,2026-04-27T09:54:39.7360000Z,2026-04-27T10:31:09.7500000Z,0.0,On-grid: Power limit
STT-TS1-INV02,AlarmWorkState1-On-grid: Power limit,201,Alarm,2026-04-27T09:54:39.9530000Z,2026-04-27T09:58:09.7750000Z,0.0,On-grid: Power limit
STT-TS1-INV03,AlarmWorkState1-On-grid: Power limit,201,Alarm,2026-04-27T09:54:40.9180000Z,2026-04-27T10:31:12.4510000Z,0.0,On-grid: Power limit
STT-TS1-INV02,AlarmWorkState1-On-grid: Power limit,201,Alarm,2026-04-27T09:59:39.7690000Z,2026-04-27T10:31:12.3650000Z,0.0,On-grid: Power limit
STT-TS1-INV02,AlarmWorkState1-On-grid: Power limit,201,Alarm,2026-04-27T10:31:41.3720000Z,2026-04-27T10:40:39.8640000Z,0.0,On-grid: Power limit
STT-TS1-INV01,AlarmWorkState1-On-grid: Power limit,201,Alarm,2026-04-27T10:32:09.7330000Z,2026-04-27T10:40:39.7590000Z,0.0,On-grid: Power limit
STT-TS1-INV03,AlarmWorkState1-On-grid: Power limit,201,Alarm,2026-04-27T10:32:11.4630000Z,2026-04-27T10:40:39.9260000Z,0.0,On-grid: Power limit
STT-TS1-INV01,AlarmWorkState1-On-grid: Power limit,201,Alarm,2026-04-27T10:51:09.7270000Z,2026-04-27T10:51:39.7300000Z,0.0,On-grid: Power limit
STT-TS1-INV01,AlarmWorkState1-On-grid: Power limit,201,Alarm,2026-04-27T11:06:09.7530000Z,2026-04-27T11:09:39.7390000Z,0.0,On-grid: Power limit
STT-TS1-INV02,AlarmWorkState1-On-grid: Power limit,201,Alarm,2026-04-27T11:06:11.6910000Z,2026-04-27T11:09:11.5760000Z,0.0,On-grid: Power limit
STT-TS1-INV03,AlarmWorkState1-On-grid: Power limit,201,Alarm,2026-04-27T11:06:11.7640000Z,2026-04-27T11:09:42.0400000Z,0.0,On-grid: Power limit
STT-TS1-INV01,AlarmWorkState1-On-grid: Power limit,201,Alarm,2026-04-27T11:27:09.7710000Z,2026-04-27T12:00:09.7490000Z,0.0,On-grid: Power limit
STT-TS1-INV02,AlarmWorkState1-On-grid: Power limit,201,Alarm,2026-04-27T11:27:09.8330000Z,2026-04-27T12:00:09.7930000Z,0.0,On-grid: Power limit
STT-TS1-INV03,AlarmWorkState1-On-grid: Power limit,201,Alarm,2026-04-27T11:27:09.8970000Z,2026-04-27T12:00:12.7900000Z,0.0,On-grid: Power limit
STT-TS1-INV01,AlarmWorkState1-On-grid: Power limit,201,Alarm,2026-04-27T12:01:39.7650000Z,2026-04-27T12:20:09.7730000Z,0.0,On-grid: Power limit
STT-TS1-INV02,AlarmWorkState1-On-grid: Power limit,201,Alarm,2026-04-27T12:01:40.6190000Z,2026-04-27T12:19:39.8090000Z,0.0,On-grid: Power limit
STT-TS1-INV03,AlarmWorkState1-On-grid: Power limit,201,Alarm,2026-04-27T12:01:41.6200000Z,2026-04-27T12:19:39.8560000Z,0.0,On-grid: Power limit
STT-TS1-INV01,AlarmWorkState1-On-grid: Power limit,201,Alarm,2026-04-27T12:45:09.7940000Z,2026-04-27T12:45:39.7800000Z,0.0,On-grid: Power limit
STT-TS1-INV01,AlarmWorkState1-On-grid: Power limit,201,Alarm,2026-04-28T09:20:10.5450000Z,2026-04-28T12:33:10.6540000Z,0.0,On-grid: Power limit
STT-TS1-INV03,AlarmWorkState1-On-grid: Power limit,201,Alarm,2026-04-28T09:20:10.7140000Z,2026-04-28T12:32:40.7800000Z,0.0,On-grid: Power limit
STT-TS1-INV02,AlarmWorkState1-On-grid: Power limit,201,Alarm,2026-04-28T09:26:10.7530000Z,2026-04-28T12:32:40.7360000Z,0.0,On-grid: Power limit
STT-TS1-INV01,AlarmWorkState1-On-grid: Power limit,201,Alarm,2026-04-28T12:35:10.6470000Z,2026-04-28T12:39:40.6500000Z,0.0,On-grid: Power limit
STT-TS1-INV03,AlarmWorkState1-On-grid: Power limit,201,Alarm,2026-04-28T12:36:10.8020000Z,2026-04-28T12:39:42.2580000Z,0.0,On-grid: Power limit
STT-TS1-INV03,AlarmWorkState1-On-grid: Power limit,201,Alarm,2026-04-29T09:22:43.0260000Z,2026-04-29T09:31:13.4390000Z,0.0,On-grid: Power limit
STT-TS1-INV01,AlarmWorkState1-On-grid: Power limit,201,Alarm,2026-04-29T09:23:41.4440000Z,2026-04-29T09:31:11.4220000Z,0.0,On-grid: Power limit
STT-TS1-INV02,AlarmWorkState1-On-grid: Power limit,201,Alarm,2026-04-29T09:23:42.9430000Z,2026-04-29T09:30:41.4520000Z,0.0,On-grid: Power limit
STT-TS1-INV01,AlarmWorkState1-On-grid: Power limit,201,Alarm,2026-04-29T09:54:11.4320000Z,2026-04-29T09:54:41.4370000Z,0.0,On-grid: Power limit
STT-TS1-INV03,AlarmWorkState1-On-grid: Power limit,201,Alarm,2026-04-29T09:54:11.5750000Z,2026-04-29T09:56:41.6730000Z,0.0,On-grid: Power limit
STT-TS1-INV01,AlarmWorkState1-On-grid: Power limit,201,Alarm,2026-04-29T09:55:11.4470000Z,2026-04-29T09:56:41.4370000Z,0.0,On-grid: Power limit
STT-TS1-INV02,AlarmWorkState1-On-grid: Power limit,201,Alarm,2026-04-29T09:55:42.5240000Z,2026-04-29T09:56:41.6500000Z,0.0,On-grid: Power limit
STT-TS1-INV01,AlarmWorkState1-On-grid: Power limit,201,Alarm,2026-04-29T09:58:11.4510000Z,2026-04-29T09:58:41.4320000Z,0.0,On-grid: Power limit
STT-TS1-INV03,AlarmWorkState1-On-grid: Power limit,201,Alarm,2026-04-29T09:58:13.7910000Z,2026-04-29T09:58:41.6570000Z,0.0,On-grid: Power limit
STT-TS1-INV03,AlarmWorkState1-On-grid: Power limit,201,Alarm,2026-04-29T10:25:12.5050000Z,2026-04-29T10:30:11.6000000Z,0.0,On-grid: Power limit
STT-TS1-INV01,AlarmWorkState1-On-grid: Power limit,201,Alarm,2026-04-29T10:25:41.4500000Z,2026-04-29T10:30:11.4660000Z,0.0,On-grid: Power limit
STT-TS1-INV02,AlarmWorkState1-On-grid: Power limit,201,Alarm,2026-04-29T10:25:43.4830000Z,2026-04-29T10:29:11.5230000Z,0.0,On-grid: Power limit
STT-TS1-INV01,AlarmWorkState1-On-grid: Power limit,201,Alarm,2026-04-29T10:31:11.4660000Z,2026-04-29T10:36:41.4670000Z,0.0,On-grid: Power limit
STT-TS1-INV03,AlarmWorkState1-On-grid: Power limit,201,Alarm,2026-04-29T10:31:41.6060000Z,2026-04-29T10:36:41.6820000Z,0.0,On-grid: Power limit
STT-TS1-INV01,AlarmWorkState1-On-grid: Power limit,201,Alarm,2026-04-29T10:38:41.4670000Z,2026-04-29T10:40:41.4470000Z,0.0,On-grid: Power limit
STT-TS1-INV03,AlarmWorkState1-On-grid: Power limit,201,Alarm,2026-04-29T10:39:13.4980000Z,2026-04-29T10:40:41.6010000Z,0.0,On-grid: Power limit
STT-TS1-INV01,AlarmWorkState1-On-grid: Power limit,201,Alarm,2026-04-29T10:41:41.4650000Z,2026-04-29T10:42:41.4580000Z,0.0,On-grid: Power limit
STT-TS1-INV02,AlarmWorkState1-On-grid: Power limit,201,Alarm,2026-04-29T10:41:41.5080000Z,2026-04-29T10:42:41.5330000Z,0.0,On-grid: Power limit
STT-TS1-INV03,AlarmWorkState1-On-grid: Power limit,201,Alarm,2026-04-29T10:41:41.5390000Z,2026-04-29T10:42:41.6070000Z,0.0,On-grid: Power limit
STT-TS1-INV01,AlarmWorkState1-On-grid: Power limit,201,Alarm,2026-04-29T10:45:11.4550000Z,2026-04-29T10:46:11.4700000Z,0.0,On-grid: Power limit
STT-TS1-INV02,AlarmWorkState1-On-grid: Power limit,201,Alarm,2026-04-29T10:45:11.4990000Z,2026-04-29T10:46:11.5310000Z,0.0,On-grid: Power limit
STT-TS1-INV03,AlarmWorkState1-On-grid: Power limit,201,Alarm,2026-04-29T10:45:14.6300000Z,2026-04-29T10:46:11.6140000Z,0.0,On-grid: Power limit
STT-TS1-INV01,AlarmWorkState1-On-grid: Power limit,201,Alarm,2026-04-29T10:46:41.4710000Z,2026-04-29T11:11:41.4710000Z,0.0,On-grid: Power limit
STT-TS1-INV02,AlarmWorkState1-On-grid: Power limit,201,Alarm,2026-04-29T10:46:41.6300000Z,2026-04-29T10:54:11.5500000Z,0.0,On-grid: Power limit
STT-TS1-INV03,AlarmWorkState1-On-grid: Power limit,201,Alarm,2026-04-29T10:46:41.6860000Z,2026-04-29T11:11:41.5580000Z,0.0,On-grid: Power limit
STT-TS1-INV02,AlarmWorkState1-On-grid: Power limit,201,Alarm,2026-04-29T10:55:42.6280000Z,2026-04-29T11:11:41.5050000Z,0.0,On-grid: Power limit
STT-TS1-INV01,AlarmWorkState1-On-grid: Power limit,201,Alarm,2026-04-29T11:13:11.4610000Z,2026-04-29T11:27:41.4770000Z,0.0,On-grid: Power limit
STT-TS1-INV02,AlarmWorkState1-On-grid: Power limit,201,Alarm,2026-04-29T11:13:11.5000000Z,2026-04-29T11:16:11.5000000Z,0.0,On-grid: Power limit
STT-TS1-INV03,AlarmWorkState1-On-grid: Power limit,201,Alarm,2026-04-29T11:13:11.5980000Z,2026-04-29T11:27:43.3300000Z,0.0,On-grid: Power limit
STT-TS1-INV02,AlarmWorkState1-On-grid: Power limit,201,Alarm,2026-04-29T11:17:41.4950000Z,2026-04-29T11:20:41.6270000Z,0.0,On-grid: Power limit
STT-TS1-INV01,AlarmWorkState1-On-grid: Power limit,201,Alarm,2026-04-29T11:30:11.4750000Z,2026-04-29T11:40:11.5000000Z,0.0,On-grid: Power limit
STT-TS1-INV03,AlarmWorkState1-On-grid: Power limit,201,Alarm,2026-04-29T11:31:11.6030000Z,2026-04-29T11:40:11.6590000Z,0.0,On-grid: Power limit
STT-TS1-INV02,AlarmWorkState1-On-grid: Power limit,201,Alarm,2026-04-29T11:36:41.6040000Z,2026-04-29T11:38:13.2730000Z,0.0,On-grid: Power limit
STT-TS1-INV01,AlarmWorkState1-On-grid: Power limit,201,Alarm,2026-04-29T11:41:11.4670000Z,2026-04-29T11:41:41.4620000Z,0.0,On-grid: Power limit
STT-TS1-INV03,AlarmWorkState1-On-grid: Power limit,201,Alarm,2026-04-29T11:41:13.1360000Z,2026-04-29T11:41:41.5680000Z,0.0,On-grid: Power limit
STT-TS1-INV01,AlarmWorkState1-On-grid: Power limit,201,Alarm,2026-04-29T11:53:41.5040000Z,2026-04-29T12:01:11.4800000Z,0.0,On-grid: Power limit
STT-TS1-INV03,AlarmWorkState1-On-grid: Power limit,201,Alarm,2026-04-29T11:53:42.8970000Z,2026-04-29T12:01:11.6650000Z,0.0,On-grid: Power limit
STT-TS1-INV02,AlarmWorkState1-On-grid: Power limit,201,Alarm,2026-04-29T11:57:42.3310000Z,2026-04-29T12:01:11.6010000Z,0.0,On-grid: Power limit
STT-TS1-INV01,AlarmWorkState1-On-grid: Power limit,201,Alarm,2026-04-29T12:02:11.4910000Z,2026-04-29T12:03:11.4950000Z,0.0,On-grid: Power limit
STT-TS1-INV03,AlarmWorkState1-On-grid: Power limit,201,Alarm,2026-04-29T12:02:13.4170000Z,2026-04-29T12:03:12.4320000Z,0.0,On-grid: Power limit
STT-TS1-INV01,AlarmWorkState1-On-grid: Power limit,201,Alarm,2026-04-29T12:15:11.5060000Z,2026-04-29T12:15:41.5060000Z,0.0,On-grid: Power limit
STT-TS1-INV03,AlarmWorkState1-On-grid: Power limit,201,Alarm,2026-04-29T12:16:41.7190000Z,2026-04-29T12:21:13.2250000Z,0.0,On-grid: Power limit
STT-TS1-INV01,AlarmWorkState1-On-grid: Power limit,201,Alarm,2026-04-29T12:17:11.5280000Z,2026-04-29T12:21:11.5000000Z,0.0,On-grid: Power limit
STT-TS1-INV01,AlarmWorkState1-On-grid: Power limit,201,Alarm,2026-04-29T12:22:41.5110000Z,2026-04-29T12:24:11.5200000Z,0.0,On-grid: Power limit
STT-TS1-INV02,AlarmWorkState1-On-grid: Power limit,201,Alarm,2026-04-29T12:22:41.6460000Z,2026-04-29T12:24:12.1910000Z,0.0,On-grid: Power limit
STT-TS1-INV03,AlarmWorkState1-On-grid: Power limit,201,Alarm,2026-04-29T12:22:41.7110000Z,2026-04-29T12:24:12.2480000Z,0.0,On-grid: Power limit
STT-TS1-INV01,AlarmWorkState1-On-grid: Power limit,201,Alarm,2026-04-29T12:26:41.5460000Z,2026-04-29T12:36:11.5290000Z,0.0,On-grid: Power limit
STT-TS1-INV02,AlarmWorkState1-On-grid: Power limit,201,Alarm,2026-04-29T12:26:41.6640000Z,2026-04-29T12:35:42.5540000Z,0.0,On-grid: Power limit
STT-TS1-INV03,AlarmWorkState1-On-grid: Power limit,201,Alarm,2026-04-29T12:26:41.7180000Z,2026-04-29T12:36:13.1100000Z,0.0,On-grid: Power limit
STT-TS1-INV01,AlarmWorkState1-On-grid: Power limit,201,Alarm,2026-04-29T14:01:11.6070000Z,2026-04-29T14:10:41.6030000Z,0.0,On-grid: Power limit
STT-TS1-INV02,AlarmWorkState1-On-grid: Power limit,201,Alarm,2026-04-29T14:01:11.6670000Z,2026-04-29T14:10:41.6710000Z,0.0,On-grid: Power limit
STT-TS1-INV03,AlarmWorkState1-On-grid: Power limit,201,Alarm,2026-04-29T14:01:11.7080000Z,2026-04-29T14:10:41.7430000Z,0.0,On-grid: Power limit
STT-TS1-INV01,AlarmWorkState1-On-grid: Power limit,201,Alarm,2026-04-30T08:30:42.3840000Z,2026-04-30T14:15:42.5530000Z,0.0,On-grid: Power limit
STT-TS1-INV02,AlarmWorkState1-On-grid: Power limit,201,Alarm,2026-04-30T08:30:42.4800000Z,2026-04-30T14:15:42.6110000Z,0.0,On-grid: Power limit
STT-TS1-INV03,AlarmWorkState1-On-grid: Power limit,201,Alarm,2026-04-30T08:30:42.5390000Z,2026-04-30T14:15:43.4110000Z,0.0,On-grid: Power limit
STT-TS1-INV01,AlarmWorkState1-On-grid: Power limit,201,Alarm,2026-05-01T07:00:43.3730000Z,2026-05-01T07:05:43.3810000Z,0.0,On-grid: Power limit
STT-TS1-INV02,AlarmWorkState1-On-grid: Power limit,201,Alarm,2026-05-01T07:00:43.4750000Z,2026-05-01T07:05:43.4500000Z,0.0,On-grid: Power limit
STT-TS1-INV03,AlarmWorkState1-On-grid: Power limit,201,Alarm,2026-05-01T07:00:43.5130000Z,2026-05-01T07:05:43.5170000Z,0.0,On-grid: Power limit
STT-TS1-INV01,AlarmWorkState1-On-grid: Power limit,201,Alarm,2026-05-01T09:01:13.4260000Z,2026-05-01T14:45:19.9820000Z,0.0,On-grid: Power limit
STT-TS1-INV02,AlarmWorkState1-On-grid: Power limit,201,Alarm,2026-05-01T09:01:13.5110000Z,2026-05-01T14:45:20.0870000Z,0.0,On-grid: Power limit
STT-TS1-INV03,AlarmWorkState1-On-grid: Power limit,201,Alarm,2026-05-01T09:01:13.5850000Z,2026-05-01T14:45:20.1330000Z,0.0,On-grid: Power limit
STT-TS1-INV01,AlarmWorkState1-On-grid: Power limit,201,Alarm,2026-05-02T08:00:44.4720000Z,2026-05-02T15:30:14.7990000Z,0.0,On-grid: Power limit
STT-TS1-INV02,AlarmWorkState1-On-grid: Power limit,201,Alarm,2026-05-02T08:00:44.5740000Z,2026-05-02T15:30:14.9020000Z,0.0,On-grid: Power limit
STT-TS1-INV03,AlarmWorkState1-On-grid: Power limit,201,Alarm,2026-05-02T08:00:45.4340000Z,2026-05-02T15:30:15.8790000Z,0.0,On-grid: Power limit
