month,day,hour,weight
1,1,1,0.00000000
1,1,11,0.00000147
1,1,13,0.00000000
1,2,11,0.00000147
1,2,14,0.00000000
1,3,10,0.00000295
1,3,11,0.00000589
1,3,12,0.00001031
1,3,13,0.00000000
1,4,10,0.00000884
1,4,11,0.00001031
1,4,12,0.00001031
1,4,13,0.00000000
1,5,10,0.00000884
1,5,11,0.00000958
1,5,12,0.00000368
1,5,13,0.00000000
1,6,10,0.00000737
1,6,11,0.00000638
1,6,12,0.00000442
1,6,13,0.00000000
1,7,10,0.00000442
1,7,11,0.00001031
1,7,12,0.00000737
1,7,13,0.00000147
1,7,14,0.00000000
1,8,10,0.00000442
1,8,11,0.00001473
1,8,12,0.00001768
1,8,13,0.00000737
1,8,14,0.00000000
1,9,10,0.00000295
1,9,11,0.00001031
1,9,12,0.00001326
1,9,13,0.00000589
1,9,14,0.00000000
1,10,10,0.00000295
1,10,11,0.00000663
1,10,12,0.00001179
1,10,13,0.00000368
1,10,14,0.00000000
1,11,10,0.00000516
1,11,11,0.00001179
1,11,12,0.00001252
1,11,13,0.00000589
1,11,14,0.00000000
1,12,10,0.00000295
1,12,11,0.00000737
1,12,12,0.00000884
1,12,13,0.00000368
1,12,14,0.00000000
1,13,10,0.00000147
1,13,11,0.00000295
1,13,12,0.00000442
1,13,13,0.00000147
1,13,14,0.00000000
1,14,10,0.00000589
1,14,11,0.00000589
1,14,13,0.00000737
1,14,14,0.00000000
1,15,9,0.00000737
1,15,10,0.00002062
1,15,11,0.00001768
1,15,12,0.00001915
1,15,13,0.00001620
1,15,14,0.00000000
1,16,9,0.00000442
1,16,10,0.00000884
1,16,11,0.00001473
1,16,12,0.00002946
1,16,13,0.00000737
1,16,14,0.00000000
1,16,15,0.00000000
1,17,10,0.00000196
1,17,11,0.00000221
1,17,12,0.00000221
1,17,13,0.00000147
1,17,14,0.00000000
1,17,15,0.00000000
1,18,10,0.00000295
1,18,11,0.00000589
1,18,12,0.00000516
1,18,13,0.00000147
1,18,14,0.00000000
1,18,15,0.00000000
1,19,10,0.00000368
1,19,11,0.00000442
1,19,12,0.00000000
1,19,13,0.00000246
1,19,14,0.00000098
1,19,15,0.00000000
1,20,9,0.00000147
1,20,10,0.00000393
1,20,11,0.00000516
1,20,13,0.00000295
1,20,14,0.00000037
1,20,15,0.00000000
1,21,10,0.00000184
1,21,11,0.00000442
1,21,12,0.00000295
1,21,13,0.00000196
1,21,14,0.00000000
1,22,9,0.00000147
1,22,10,0.00000368
1,22,11,0.00000516
1,22,13,0.00000196
1,22,14,0.00000000
1,23,9,0.00000442
1,23,10,0.00000491
1,23,11,0.00000737
1,23,12,0.00000786
1,23,13,0.00000368
1,23,14,0.00000074
1,23,15,0.00000049
1,23,16,0.00000000
1,24,9,0.00000147
1,24,10,0.00000393
1,24,11,0.00000516
1,24,12,0.00000589
1,24,13,0.00000344
1,24,14,0.00000037
1,24,15,0.00000000
1,25,9,0.00000147
1,25,10,0.00000368
1,25,11,0.00000663
1,25,12,0.00000737
1,25,13,0.00000368
1,25,14,0.00000074
1,25,15,0.00000000
1,26,9,0.00000295
1,26,10,0.00000540
1,26,11,0.00000884
1,26,12,0.00001473
1,26,13,0.00000368
1,26,14,0.00000147
1,26,15,0.00000000
1,27,9,0.00000344
1,27,10,0.00000687
1,27,11,0.00001129
1,27,12,0.00001400
1,27,13,0.00000663
1,27,14,0.00000147
1,27,15,0.00000000
1,28,9,0.00000147
1,28,10,0.00000331
1,28,11,0.00000786
1,28,12,0.00000663
1,28,13,0.00000368
1,28,14,0.00000110
1,28,15,0.00000000
1,29,9,0.00000196
1,29,10,0.00000737
1,29,11,0.00001375
1,29,12,0.00001277
1,29,13,0.00000737
1,29,14,0.00000196
1,29,15,0.00000000
1,30,9,0.00000589
1,30,10,0.00000516
1,30,11,0.00001179
1,30,13,0.00000737
1,30,14,0.00000110
1,30,15,0.00000000
1,31,9,0.00000295
1,31,10,0.00000994
1,31,11,0.00001473
1,31,12,0.00001277
1,31,13,0.00000810
1,31,14,0.00000221
1,31,15,0.00000000
2,1,1,0.00000000
2,1,9,0.00000393
2,1,10,0.00000847
2,1,11,0.00001866
2,1,12,0.00001768
2,1,13,0.00000737
2,1,14,0.00000442
2,1,15,0.00000049
2,1,16,0.00000000
2,2,9,0.00000246
2,2,10,0.00000884
2,2,11,0.00001375
2,2,12,0.00001473
2,2,13,0.00000442
2,2,14,0.00000196
2,2,15,0.00000049
2,2,16,0.00000000
2,3,9,0.00000442
2,3,10,0.00001179
2,3,11,0.00002112
2,3,12,0.00001179
2,3,13,0.00001277
2,3,14,0.00000331
2,3,15,0.00000049
2,3,16,0.00000000
2,4,9,0.00000196
2,4,10,0.00000737
2,4,11,0.00001228
2,4,12,0.00001620
2,4,13,0.00000884
2,4,14,0.00000295
2,4,15,0.00000049
2,4,16,0.00000000
2,5,0,0.00000295
2,5,9,0.00000147
2,5,10,0.00000344
2,5,11,0.00000491
2,5,12,0.00000442
2,5,13,0.00000295
2,5,14,0.00000221
2,5,15,0.00000000
2,5,19,0.00000000
2,5,20,0.00000147
2,5,21,0.00000295
2,5,22,0.00000147
2,6,0,0.00000295
2,6,6,0.00000147
2,6,7,0.00000000
2,6,8,0.00000147
2,6,9,0.00000344
2,6,10,0.00001289
2,6,11,0.00001768
2,6,12,0.00001584
2,6,13,0.00001129
2,6,14,0.00000295
2,6,15,0.00000098
2,6,16,0.00000000
2,6,19,0.00000000
2,6,20,0.00000147
2,7,0,0.00000295
2,7,2,0.00000147
2,7,3,0.00000295
2,7,5,0.00000147
2,7,7,0.00000000
2,7,8,0.00000147
2,7,9,0.00000491
2,7,10,0.00001473
2,7,11,0.00001989
2,7,12,0.00002725
2,7,13,0.00001326
2,7,14,0.00000331
2,7,15,0.00000049
2,7,16,0.00000000
2,7,21,0.00000147
2,7,22,0.00000000
2,7,23,0.00000147
2,8,0,0.00000295
2,8,1,0.00000147
2,8,6,0.00000000
2,8,8,0.00000147
2,8,9,0.00000638
2,8,10,0.00000994
2,8,11,0.00002308
2,8,12,0.00002799
2,8,13,0.00001326
2,8,14,0.00000295
2,8,15,0.00000098
2,8,16,0.00000000
2,8,21,0.00000147
2,9,0,0.00000295
2,9,2,0.00000147
2,9,3,0.00000295
2,9,5,0.00000147
2,9,7,0.00000000
2,9,8,0.00000147
2,9,9,0.00000442
2,9,10,0.00001694
2,9,11,0.00002541
2,9,12,0.00003388
2,9,13,0.00001768
2,9,14,0.00000663
2,9,15,0.00000074
2,9,16,0.00000000
2,9,17,0.00000147
2,9,21,0.00000295
2,9,22,0.00000147
2,10,0,0.00000442
2,10,2,0.00000147
2,10,4,0.00000295
2,10,5,0.00000147
2,10,8,0.00000295
2,10,9,0.00000994
2,10,10,0.00002689
2,10,11,0.00003720
2,10,12,0.00003757
2,10,13,0.00002357
2,10,14,0.00000847
2,10,15,0.00000110
2,10,16,0.00000000
2,10,19,0.00000000
2,10,20,0.00000295
2,10,21,0.00000442
2,10,22,0.00000295
2,11,2,0.00000295
2,11,6,0.00000147
2,11,7,0.00000000
2,11,8,0.00000368
2,11,9,0.00001289
2,11,10,0.00003609
2,11,11,0.00004861
2,11,12,0.00006850
2,11,13,0.00003351
2,11,14,0.00001289
2,11,15,0.00000221
2,11,16,0.00000000
2,12,8,0.00000516
2,12,9,0.00001915
2,12,10,0.00003830
2,12,11,0.00006286
2,12,12,0.00008544
2,12,13,0.00004420
2,12,14,0.00001436
2,12,15,0.00000258
2,12,16,0.00000000
2,13,8,0.00000393
2,13,9,0.00002013
2,13,10,0.00004321
2,13,11,0.00005696
2,13,12,0.00005844
2,13,13,0.00004370
2,13,14,0.00002062
2,13,15,0.00000344
2,13,16,0.00000000
2,14,8,0.00000491
2,14,9,0.00001731
2,14,10,0.00003167
2,14,11,0.00004604
2,14,12,0.00004751
2,14,13,0.00003879
2,14,14,0.00001694
2,14,15,0.00000258
2,14,16,0.00000000
2,15,8,0.00000479
2,15,9,0.00002750
2,15,10,0.00003867
2,15,11,0.00004972
2,15,12,0.00006531
2,15,13,0.00003609
2,15,14,0.00001657
2,15,15,0.00000221
2,15,16,0.00000000
2,16,8,0.00000663
2,16,9,0.00001571
2,16,10,0.00002701
2,16,11,0.00002946
2,16,12,0.00004125
2,16,13,0.00003462
2,16,14,0.00001105
2,16,15,0.00000295
2,16,16,0.00000000
2,17,8,0.00000786
2,17,9,0.00003339
2,17,10,0.00006040
2,17,11,0.00006261
2,17,12,0.00008643
2,17,13,0.00007022
2,17,14,0.00002873
2,17,15,0.00000884
2,17,16,0.00000049
2,17,17,0.00000000
2,18,8,0.00001473
2,18,9,0.00003830
2,18,10,0.00005672
2,18,11,0.00007476
2,18,12,0.00005303
2,18,13,0.00005488
2,18,14,0.00002836
2,18,15,0.00000933
2,18,16,0.00000147
2,18,17,0.00000000
2,19,8,0.00000884
2,19,9,0.00002283
2,19,10,0.00004125
2,19,11,0.00007366
2,19,12,0.00006335
2,19,13,0.00004861
2,19,14,0.00003094
2,19,15,0.00000552
2,19,16,0.00000147
2,19,17,0.00000000
2,20,8,0.00000982
2,20,9,0.00002357
2,20,10,0.00004456
2,20,11,0.00009576
2,20,12,0.00006187
2,20,13,0.00003425
2,20,14,0.00001620
2,20,15,0.00000405
2,20,16,0.00000147
2,20,17,0.00000000
2,21,8,0.00000393
2,21,9,0.00000994
2,21,10,0.00001915
2,21,11,0.00002762
2,21,12,0.00002799
2,21,13,0.00001952
2,21,14,0.00000884
2,21,15,0.00000258
2,21,16,0.00000049
2,21,17,0.00000000
2,22,8,0.00000258
2,22,9,0.00001068
2,22,10,0.00001657
2,22,11,0.00002995
2,22,12,0.00002652
2,22,13,0.00001768
2,22,14,0.00000994
2,22,15,0.00000368
2,22,16,0.00000110
2,22,17,0.00000000
2,23,8,0.00000295
2,23,9,0.00000994
2,23,10,0.00002283
2,23,11,0.00003732
2,23,12,0.00004272
2,23,13,0.00004530
2,23,14,0.00003928
2,23,15,0.00001105
2,23,16,0.00000295
2,23,17,0.00000000
2,24,8,0.00000687
2,24,9,0.00001952
2,24,10,0.00003167
2,24,11,0.00003941
2,24,12,0.00004960
2,24,13,0.00004014
2,24,14,0.00002394
2,24,15,0.00000479
2,24,16,0.00000147
2,24,17,0.00000000
2,25,8,0.00000773
2,25,9,0.00002357
2,25,10,0.00004309
2,25,11,0.00006826
2,25,12,0.00005414
2,25,13,0.00004420
2,25,14,0.00002910
2,25,15,0.00000663
2,25,16,0.00000184
2,25,17,0.00000000
2,26,7,0.00000147
2,26,8,0.00001105
2,26,9,0.00002910
2,26,10,0.00004825
2,26,11,0.00006408
2,26,12,0.00005058
2,26,13,0.00005488
2,26,14,0.00003315
2,26,15,0.00000810
2,26,16,0.00000258
2,26,17,0.00000000
2,27,7,0.00000147
2,27,8,0.00002062
2,27,9,0.00005377
2,27,10,0.00009539
2,27,11,0.00012191
2,27,12,0.00015567
2,27,13,0.00009613
2,27,14,0.00005046
2,27,15,0.00001768
2,27,16,0.00000405
2,27,17,0.00000000
2,28,8,0.00001915
2,28,9,0.00004346
2,28,10,0.00007992
2,28,11,0.00010975
2,28,12,0.00011233
2,28,13,0.00008434
2,28,14,0.00004346
2,28,15,0.00001510
2,28,16,0.00000221
2,28,17,0.00000000
2,29,7,0.00000295
2,29,8,0.00002062
2,29,9,0.00003830
2,29,10,0.00005009
2,29,11,0.00004861
2,29,12,0.00004125
2,29,13,0.00002652
2,29,14,0.00001473
2,29,15,0.00000295
2,29,16,0.00000147
2,29,17,0.00000000
3,1,1,0.00000000
3,1,7,0.00000246
3,1,8,0.00002259
3,1,9,0.00004051
3,1,10,0.00006482
3,1,11,0.00009821
3,1,12,0.00006813
3,1,13,0.00004898
3,1,14,0.00002799
3,1,15,0.00000847
3,1,16,0.00000221
3,1,17,0.00000000
3,2,7,0.00000393
3,2,8,0.00001694
3,2,9,0.00003941
3,2,10,0.00007329
3,2,11,0.00010865
3,2,12,0.00012485
3,2,13,0.00014388
3,2,14,0.00006998
3,2,15,0.00002725
3,2,16,0.00000442
3,2,17,0.00000000
3,3,7,0.00000405
3,3,8,0.00001731
3,3,9,0.00004235
3,3,10,0.00006924
3,3,11,0.00009465
3,3,12,0.00012080
3,3,13,0.00010202
3,3,14,0.00006629
3,3,15,0.00001694
3,3,16,0.00000258
3,3,17,0.00000000
3,4,7,0.00000516
3,4,8,0.00003683
3,4,9,0.00008360
3,4,10,0.00012191
3,4,11,0.00015910
3,4,12,0.00016905
3,4,13,0.00014916
3,4,14,0.00009281
3,4,15,0.00003941
3,4,16,0.00000884
3,4,17,0.00000000
3,5,7,0.00000552
3,5,8,0.00001952
3,5,9,0.00004125
3,5,10,0.00007292
3,5,11,0.00011454
3,5,12,0.00016303
3,5,13,0.00011601
3,5,14,0.00007808
3,5,15,0.00003536
3,5,16,0.00000773
3,5,17,0.00000000
3,6,7,0.00000626
3,6,8,0.00002320
3,6,9,0.00005009
3,6,10,0.00008876
3,6,11,0.00011822
3,6,12,0.00012817
3,6,13,0.00011454
3,6,14,0.00007034
3,6,15,0.00002431
3,6,16,0.00000810
3,6,17,0.00000098
3,6,18,0.00000000
3,7,7,0.00000810
3,7,8,0.00003020
3,7,9,0.00009428
3,7,10,0.00012375
3,7,11,0.00013885
3,7,12,0.00013958
3,7,13,0.00011012
3,7,14,0.00006998
3,7,15,0.00002247
3,7,16,0.00000884
3,7,17,0.00000147
3,7,18,0.00000000
3,8,7,0.00001031
3,8,8,0.00003167
3,8,9,0.00007182
3,8,10,0.00012080
3,8,11,0.00013443
3,8,12,0.00013369
3,8,13,0.00012264
3,8,14,0.00008876
3,8,15,0.00003757
3,8,16,0.00001179
3,8,17,0.00000098
3,8,18,0.00000000
3,9,7,0.00001510
3,9,8,0.00005303
3,9,9,0.00010607
3,9,10,0.00015763
3,9,11,0.00022208
3,9,12,0.00022429
3,9,13,0.00018636
3,9,14,0.00011859
3,9,15,0.00004383
3,9,16,0.00001068
3,9,17,0.00000221
3,9,18,0.00000000
3,10,6,0.00000147
3,10,7,0.00001584
3,10,8,0.00004898
3,10,9,0.00010386
3,10,10,0.00019151
3,10,11,0.00025228
3,10,12,0.00027733
3,10,13,0.00023460
3,10,14,0.00015542
3,10,15,0.00006629
3,10,16,0.00001841
3,10,17,0.00000368
3,10,18,0.00000000
3,11,6,0.00000147
3,11,7,0.00001841
3,11,8,0.00005930
3,11,9,0.00013295
3,11,10,0.00022245
3,11,11,0.00028469
3,11,12,0.00028764
3,11,13,0.00023460
3,11,14,0.00014990
3,11,15,0.00005930
3,11,16,0.00001915
3,11,17,0.00000331
3,11,18,0.00000000
3,12,6,0.00000147
3,12,7,0.00001694
3,12,8,0.00005635
3,12,9,0.00011307
3,12,10,0.00019041
3,12,11,0.00023718
3,12,12,0.00025670
3,12,13,0.00022061
3,12,14,0.00014769
3,12,15,0.00005819
3,12,16,0.00001731
3,12,17,0.00000258
3,12,18,0.00000000
3,13,7,0.00001510
3,13,8,0.00005009
3,13,9,0.00010128
3,13,10,0.00016389
3,13,11,0.00024111
3,13,12,0.00021066
3,13,13,0.00018120
3,13,14,0.00012964
3,13,15,0.00006519
3,13,16,0.00001989
3,13,17,0.00000295
3,13,18,0.00000000
3,14,6,0.00000147
3,14,7,0.00001952
3,14,8,0.00005303
3,14,9,0.00010496
3,14,10,0.00016942
3,14,11,0.00021840
3,14,12,0.00025302
3,14,13,0.00024676
3,14,14,0.00019483
3,14,15,0.00009244
3,14,16,0.00003204
3,14,17,0.00000479
3,14,18,0.00000000
3,15,6,0.00000147
3,15,7,0.00001805
3,15,8,0.00005856
3,15,9,0.00010681
3,15,10,0.00016242
3,15,11,0.00017973
3,15,12,0.00017420
3,15,13,0.00013701
3,15,14,0.00009576
3,15,15,0.00003425
3,15,16,0.00001068
3,15,17,0.00000147
3,15,18,0.00000049
3,15,19,0.00000000
3,16,6,0.00000295
3,16,7,0.00003315
3,16,8,0.00009318
3,16,9,0.00016978
3,16,10,0.00025376
3,16,11,0.00029611
3,16,12,0.00030753
3,16,13,0.00026812
3,16,14,0.00019814
3,16,15,0.00009760
3,16,16,0.00004014
3,16,17,0.00000626
3,16,18,0.00000000
3,17,6,0.00000405
3,17,7,0.00002983
3,17,8,0.00007550
3,17,9,0.00013848
3,17,10,0.00018525
3,17,11,0.00021140
3,17,12,0.00021214
3,17,13,0.00017052
3,17,14,0.00011822
3,17,15,0.00005230
3,17,16,0.00001915
3,17,17,0.00000295
3,17,18,0.00000000
3,18,6,0.00000491
3,18,7,0.00002320
3,18,8,0.00006777
3,18,9,0.00013958
3,18,10,0.00021582
3,18,11,0.00025523
3,18,12,0.00026591
3,18,13,0.00023387
3,18,14,0.00016978
3,18,15,0.00009023
3,18,16,0.00003646
3,18,17,0.00000700
3,18,18,0.00000000
3,19,6,0.00001522
3,19,7,0.00005230
3,19,8,0.00012890
3,19,9,0.00023350
3,19,10,0.00029206
3,19,11,0.00032299
3,19,12,0.00031894
3,19,13,0.00027180
3,19,14,0.00020146
3,19,15,0.00011086
3,19,16,0.00004162
3,19,17,0.00000552
3,19,18,0.00000000
3,20,6,0.00000884
3,20,7,0.00004088
3,20,8,0.00009833
3,20,9,0.00019372
3,20,10,0.00025781
3,20,11,0.00030200
3,20,12,0.00032484
3,20,13,0.00028211
3,20,14,0.00020256
3,20,15,0.00008176
3,20,16,0.00003499
3,20,17,0.00000589
3,20,18,0.00000000
3,21,6,0.00001179
3,21,7,0.00005819
3,21,8,0.00014400
3,21,9,0.00025891
3,21,10,0.00035246
3,21,11,0.00040107
3,21,12,0.00041360
3,21,13,0.00037529
3,21,14,0.00028617
3,21,15,0.00015984
3,21,16,0.00006924
3,21,17,0.00001252
3,21,18,0.00000000
3,22,6,0.00000958
3,22,7,0.00004014
3,22,8,0.00008913
3,22,9,0.00015284
3,22,10,0.00019004
3,22,11,0.00021656
3,22,12,0.00022024
3,22,13,0.00020367
3,22,14,0.00015947
3,22,15,0.00009244
3,22,16,0.00003720
3,22,17,0.00000479
3,22,18,0.00000000
3,23,6,0.00001289
3,23,7,0.00005340
3,23,8,0.00011012
3,23,9,0.00018746
3,23,10,0.00023939
3,23,11,0.00027217
3,23,12,0.00028101
3,23,13,0.00025744
3,23,14,0.00020404
3,23,15,0.00011417
3,23,16,0.00004493
3,23,17,0.00000663
3,23,18,0.00000000
3,24,6,0.00000994
3,24,7,0.00004272
3,24,8,0.00009649
3,24,9,0.00016279
3,24,10,0.00020809
3,24,11,0.00023829
3,24,12,0.00024123
3,24,13,0.00021729
3,24,14,0.00017052
3,24,15,0.00008544
3,24,16,0.00002615
3,24,17,0.00000368
3,24,18,0.00000000
3,25,5,0.00000147
3,25,6,0.00001866
3,25,7,0.00006408
3,25,8,0.00013737
3,25,9,0.00023608
3,25,10,0.00034325
3,25,11,0.00037529
3,25,12,0.00037271
3,25,13,0.00032336
3,25,14,0.00024013
3,25,15,0.00014977
3,25,16,0.00004972
3,25,17,0.00000884
3,25,18,0.00000037
3,25,19,0.00000000
3,26,5,0.00000147
3,26,6,0.00001805
3,26,7,0.00007071
3,26,8,0.00015100
3,26,9,0.00024786
3,26,10,0.00034693
3,26,11,0.00040365
3,26,12,0.00041360
3,26,13,0.00036682
3,26,14,0.00026038
3,26,15,0.00013185
3,26,16,0.00005267
3,26,17,0.00000773
3,26,18,0.00000037
3,26,19,0.00000000
3,27,5,0.00000221
3,27,6,0.00000884
3,27,7,0.00002799
3,27,8,0.00005561
3,27,9,0.00008471
3,27,10,0.00012596
3,27,11,0.00017641
3,27,12,0.00018304
3,27,13,0.00017384
3,27,14,0.00011417
3,27,15,0.00005267
3,27,16,0.00001768
3,27,17,0.00000258
3,27,18,0.00000049
3,27,19,0.00000000
3,27,23,0.00000000
3,28,5,0.00000147
3,28,6,0.00000626
3,28,7,0.00001989
3,28,8,0.00004125
3,28,9,0.00009613
3,28,10,0.00013259
3,28,11,0.00013995
3,28,12,0.00013074
3,28,13,0.00012768
3,28,14,0.00006740
3,28,15,0.00004088
3,28,16,0.00001289
3,28,17,0.00000295
3,28,18,0.00000037
3,28,19,0.00000000
3,29,5,0.00000147
3,29,6,0.00001068
3,29,7,0.00003462
3,29,8,0.00006887
3,29,9,0.00012964
3,29,10,0.00018562
3,29,11,0.00023387
3,29,12,0.00023976
3,29,13,0.00023792
3,29,14,0.00019188
3,29,15,0.00012596
3,29,16,0.00005561
3,29,17,0.00000847
3,29,18,0.00000074
3,29,19,0.00000000
3,30,5,0.00000295
3,30,6,0.00000921
3,30,7,0.00004456
3,30,8,0.00011307
3,30,9,0.00018231
3,30,10,0.00024639
3,30,11,0.00027880
3,30,12,0.00027364
3,30,13,0.00024050
3,30,14,0.00017126
3,30,15,0.00010091
3,30,16,0.00003867
3,30,17,0.00000700
3,30,18,0.00000037
3,30,19,0.00000000
3,31,5,0.00000147
3,31,6,0.00000626
3,31,7,0.00003462
3,31,8,0.00009981
3,31,9,0.00020367
3,31,10,0.00026591
3,31,11,0.00033036
3,31,12,0.00033773
3,31,13,0.00032115
3,31,14,0.00024786
3,31,15,0.00016426
3,31,16,0.00007403
3,31,17,0.00001584
3,31,18,0.00000000
4,1,1,0.00000000
4,1,5,0.00000638
4,1,6,0.00002946
4,1,7,0.00010128
4,1,8,0.00019336
4,1,9,0.00032263
4,1,10,0.00039997
4,1,11,0.00043606
4,1,12,0.00042685
4,1,13,0.00034104
4,1,14,0.00023829
4,1,15,0.00014548
4,1,16,0.00006298
4,1,17,0.00001768
4,1,18,0.00000037
4,1,19,0.00000000
4,2,4,0.00000147
4,2,5,0.00000479
4,2,6,0.00002320
4,2,7,0.00007550
4,2,8,0.00016021
4,2,9,0.00027143
4,2,10,0.00036277
4,2,11,0.00040402
4,2,12,0.00039776
4,2,13,0.00035135
4,2,14,0.00025597
4,2,15,0.00015579
4,2,16,0.00006298
4,2,17,0.00001473
4,2,18,0.00000037
4,2,19,0.00000000
4,3,5,0.00000405
4,3,6,0.00002062
4,3,7,0.00007108
4,3,8,0.00017862
4,3,9,0.00027880
4,3,10,0.00036830
4,3,11,0.00046442
4,3,12,0.00047326
4,3,13,0.00041212
4,3,14,0.00031747
4,3,15,0.00021508
4,3,16,0.00010091
4,3,17,0.00002504
4,3,18,0.00000000
4,4,4,0.00000147
4,4,5,0.00000786
4,4,6,0.00003830
4,4,7,0.00011454
4,4,8,0.00021803
4,4,9,0.00030348
4,4,10,0.00037419
4,4,11,0.00039776
4,4,12,0.00039260
4,4,13,0.00033736
4,4,14,0.00031722
4,4,15,0.00016242
4,4,16,0.00008102
4,4,17,0.00002541
4,4,18,0.00000000
4,5,4,0.00000147
4,5,5,0.00000663
4,5,6,0.00004346
4,5,7,0.00011712
4,5,8,0.00022466
4,5,9,0.00031784
4,5,10,0.00039702
4,5,11,0.00042170
4,5,12,0.00048762
4,5,13,0.00029832
4,5,14,0.00019372
4,5,15,0.00012817
4,5,16,0.00006261
4,5,17,0.00001915
4,5,18,0.00000000
4,6,4,0.00000147
4,6,5,0.00000737
4,6,6,0.00002541
4,6,7,0.00007219
4,6,8,0.00021214
4,6,9,0.00027328
4,6,10,0.00034730
4,6,11,0.00037787
4,6,12,0.00039260
4,6,13,0.00036535
4,6,14,0.00027990
4,6,15,0.00019225
4,6,16,0.00009686
4,6,17,0.00002799
4,6,18,0.00000000
4,7,4,0.00000147
4,7,5,0.00000687
4,7,6,0.00003388
4,7,7,0.00008544
4,7,8,0.00016168
4,7,9,0.00022319
4,7,10,0.00027622
4,7,11,0.00031305
4,7,12,0.00033073
4,7,13,0.00031526
4,7,14,0.00024602
4,7,15,0.00017052
4,7,16,0.00009060
4,7,17,0.00002946
4,7,18,0.00000074
4,7,19,0.00000000
4,8,4,0.00000147
4,8,5,0.00000479
4,8,6,0.00003045
4,8,7,0.00008029
4,8,8,0.00018709
4,8,9,0.00028396
4,8,10,0.00035761
4,8,11,0.00051119
4,8,12,0.00037198
4,8,13,0.00031563
4,8,14,0.00023018
4,8,15,0.00021901
4,8,16,0.00008508
4,8,17,0.00002615
4,8,18,0.00000049
4,8,19,0.00000000
4,9,4,0.00000196
4,9,5,0.00001473
4,9,6,0.00005561
4,9,7,0.00013295
4,9,8,0.00025449
4,9,9,0.00038082
4,9,10,0.00043054
4,9,11,0.00046516
4,9,12,0.00045816
4,9,13,0.00040844
4,9,14,0.00032263
4,9,15,0.00023681
4,9,16,0.00012927
4,9,17,0.00004309
4,9,18,0.00000037
4,9,19,0.00000000
4,10,4,0.00000147
4,10,5,0.00000552
4,10,6,0.00002136
4,10,7,0.00005046
4,10,8,0.00008250
4,10,9,0.00013185
4,10,10,0.00015395
4,10,11,0.00017089
4,10,12,0.00016942
4,10,13,0.00015984
4,10,14,0.00012633
4,10,15,0.00009207
4,10,16,0.00005635
4,10,17,0.00002099
4,10,18,0.00000037
4,10,19,0.00000000
4,11,4,0.00000221
4,11,5,0.00000958
4,11,6,0.00005561
4,11,7,0.00014143
4,11,8,0.00025891
4,11,9,0.00039187
4,11,10,0.00049315
4,11,11,0.00056128
4,11,12,0.00056202
4,11,13,0.00048652
4,11,14,0.00037640
4,11,15,0.00025633
4,11,16,0.00012780
4,11,17,0.00003904
4,11,18,0.00000221
4,11,19,0.00000000
4,12,4,0.00000196
4,12,5,0.00001068
4,12,6,0.00005930
4,12,7,0.00015063
4,12,8,0.00029279
4,12,9,0.00040918
4,12,10,0.00046921
4,12,11,0.00052703
4,12,12,0.00052998
4,12,13,0.00048689
4,12,14,0.00035761
4,12,15,0.00023350
4,12,16,0.00012559
4,12,17,0.00004493
4,12,18,0.00000147
4,12,19,0.00000000
4,13,4,0.00000295
4,13,5,0.00001473
4,13,6,0.00005819
4,13,7,0.00014290
4,13,8,0.00027070
4,13,9,0.00039076
4,13,10,0.00047621
4,13,11,0.00052114
4,13,12,0.00050935
4,13,13,0.00044306
4,13,14,0.00031673
4,13,15,0.00020072
4,13,16,0.00010460
4,13,17,0.00003904
4,13,18,0.00000184
4,13,19,0.00000000
4,14,4,0.00000246
4,14,5,0.00001179
4,14,6,0.00004677
4,14,7,0.00011086
4,14,8,0.00020109
4,14,9,0.00030274
4,14,10,0.00035467
4,14,11,0.00040107
4,14,12,0.00042280
4,14,13,0.00040623
4,14,14,0.00034325
4,14,15,0.00025081
4,14,16,0.00014621
4,14,17,0.00005635
4,14,18,0.00000368
4,14,19,0.00000000
4,15,4,0.00000516
4,15,5,0.00002541
4,15,6,0.00009797
4,15,7,0.00020293
4,15,8,0.00034288
4,15,9,0.00047031
4,15,10,0.00056644
4,15,11,0.00061468
4,15,12,0.00060253
4,15,13,0.00052372
4,15,14,0.00040549
4,15,15,0.00027033
4,15,16,0.00014216
4,15,17,0.00004861
4,15,18,0.00000368
4,15,19,0.00000000
4,16,4,0.00000344
4,16,5,0.00001657
4,16,6,0.00008839
4,16,7,0.00018415
4,16,8,0.00029058
4,16,9,0.00038671
4,16,10,0.00043054
4,16,11,0.00045227
4,16,12,0.00042980
4,16,13,0.00040144
4,16,14,0.00033257
4,16,15,0.00022208
4,16,16,0.00010938
4,16,17,0.00003204
4,16,18,0.00000516
4,16,19,0.00000000
4,17,4,0.00000491
4,17,5,0.00002689
4,17,6,0.00009465
4,17,7,0.00017678
4,17,8,0.00028027
4,17,9,0.00033404
4,17,10,0.00041286
4,17,11,0.00051451
4,17,12,0.00053366
4,17,13,0.00048173
4,17,14,0.00033478
4,17,15,0.00022208
4,17,16,0.00012338
4,17,17,0.00004751
4,17,18,0.00000994
4,17,19,0.00000037
4,17,20,0.00000000
4,18,4,0.00000589
4,18,5,0.00002099
4,18,6,0.00005966
4,18,7,0.00012264
4,18,8,0.00023055
4,18,9,0.00036019
4,18,10,0.00041765
4,18,11,0.00043606
4,18,12,0.00043569
4,18,13,0.00042722
4,18,14,0.00037198
4,18,15,0.00026849
4,18,16,0.00016757
4,18,17,0.00006850
4,18,18,0.00001584
4,18,19,0.00000037
4,18,20,0.00000000
4,19,4,0.00000737
4,19,5,0.00003609
4,19,6,0.00011196
4,19,7,0.00021840
4,19,8,0.00036167
4,19,9,0.00048725
4,19,10,0.00057528
4,19,11,0.00058338
4,19,12,0.00052347
4,19,13,0.00048689
4,19,14,0.00041028
4,19,15,0.00029500
4,19,16,0.00018378
4,19,17,0.00007955
4,19,18,0.00001768
4,19,19,0.00000000
4,20,3,0.00000147
4,20,4,0.00000847
4,20,5,0.00003904
4,20,6,0.00010754
4,20,7,0.00021066
4,20,8,0.00035577
4,20,9,0.00049536
4,20,10,0.00058375
4,20,11,0.00065115
4,20,12,0.00065630
4,20,13,0.00059885
4,20,14,0.00048910
4,20,15,0.00035761
4,20,16,0.00020956
4,20,17,0.00008913
4,20,18,0.00001694
4,20,19,0.00000000
4,21,3,0.00000147
4,21,4,0.00000884
4,21,5,0.00003941
4,21,6,0.00010902
4,21,7,0.00020919
4,21,8,0.00034178
4,21,9,0.00047179
4,21,10,0.00058596
4,21,11,0.00063899
4,21,12,0.00064857
4,21,13,0.00059443
4,21,14,0.00046074
4,21,15,0.00034178
4,21,16,0.00021030
4,21,17,0.00008434
4,21,18,0.00001915
4,21,19,0.00000000
4,22,3,0.00000147
4,22,4,0.00000810
4,22,5,0.00003536
4,22,6,0.00008950
4,22,7,0.00015468
4,22,8,0.00026849
4,22,9,0.00038929
4,22,10,0.00046295
4,22,11,0.00049388
4,22,12,0.00046074
4,22,13,0.00037971
4,22,14,0.00034067
4,22,15,0.00024823
4,22,16,0.00013222
4,22,17,0.00005267
4,22,18,0.00001400
4,22,19,0.00000000
4,23,4,0.00000295
4,23,5,0.00001179
4,23,6,0.00003683
4,23,7,0.00008655
4,23,8,0.00016352
4,23,9,0.00030163
4,23,10,0.00037051
4,23,11,0.00053329
4,23,12,0.00056619
4,23,13,0.00052494
4,23,14,0.00032741
4,23,15,0.00024234
4,23,16,0.00014474
4,23,17,0.00006408
4,23,18,0.00001326
4,23,19,0.00000000
4,24,3,0.00000147
4,24,4,0.00000786
4,24,5,0.00002910
4,24,6,0.00008102
4,24,7,0.00015800
4,24,8,0.00026996
4,24,9,0.00038266
4,24,10,0.00044232
4,24,11,0.00047805
4,24,12,0.00045926
4,24,13,0.00041396
4,24,14,0.00032520
4,24,15,0.00023276
4,24,16,0.00013480
4,24,17,0.00006556
4,24,18,0.00001584
4,24,19,0.00000000
4,25,3,0.00000147
4,25,4,0.00000810
4,25,5,0.00003757
4,25,6,0.00009207
4,25,7,0.00017862
4,25,8,0.00030237
4,25,9,0.00039665
4,25,10,0.00045632
4,25,11,0.00046663
4,25,12,0.00042538
4,25,13,0.00034325
4,25,14,0.00025817
4,25,15,0.00018562
4,25,16,0.00010865
4,25,17,0.00004935
4,25,18,0.00001363
4,25,19,0.00000110
4,25,20,0.00000000
4,26,3,0.00000196
4,26,4,0.00001252
4,26,5,0.00005267
4,26,6,0.00011896
4,26,7,0.00021324
4,26,8,0.00033846
4,26,9,0.00046037
4,26,10,0.00057896
4,26,11,0.00060953
4,26,12,0.00072972
4,26,13,0.00050935
4,26,14,0.00040071
4,26,15,0.00028580
4,26,16,0.00016721
4,26,17,0.00007476
4,26,18,0.00002136
4,26,19,0.00000074
4,26,20,0.00000000
4,27,3,0.00000221
4,27,4,0.00000786
4,27,5,0.00002431
4,27,6,0.00006261
4,27,7,0.00013332
4,27,8,0.00026223
4,27,9,0.00033257
4,27,10,0.00038892
4,27,11,0.00039408
4,27,12,0.00039150
4,27,13,0.00036498
4,27,14,0.00033552
4,27,15,0.00025486
4,27,16,0.00015321
4,27,17,0.00007255
4,27,18,0.00002247
4,27,19,0.00000110
4,27,20,0.00000000
4,28,3,0.00000295
4,28,4,0.00000847
4,28,5,0.00002983
4,28,6,0.00007550
4,28,7,0.00015763
4,28,8,0.00027217
4,28,9,0.00037971
4,28,10,0.00046921
4,28,11,0.00049167
4,28,12,0.00048173
4,28,13,0.00045300
4,28,14,0.00038413
4,28,15,0.00028285
4,28,16,0.00015689
4,28,17,0.00007034
4,28,18,0.00002210
4,28,19,0.00000000
4,29,3,0.00000221
4,29,4,0.00000442
4,29,5,0.00002283
4,29,6,0.00005709
4,29,7,0.00011970
4,29,8,0.00022687
4,29,9,0.00031637
4,29,10,0.00037934
4,29,11,0.00041507
4,29,12,0.00039518
4,29,13,0.00035577
4,29,14,0.00026886
4,29,15,0.00020219
4,29,16,0.00013480
4,29,17,0.00006924
4,29,18,0.00002173
4,29,19,0.00000074
4,29,20,0.00000000
4,30,3,0.00000246
4,30,4,0.00001179
4,30,5,0.00004530
4,30,6,0.00011196
4,30,7,0.00021214
4,30,8,0.00034288
4,30,9,0.00046405
4,30,10,0.00053219
4,30,11,0.00056865
4,30,12,0.00055060
4,30,13,0.00049094
4,30,14,0.00038413
4,30,15,0.00030348
4,30,16,0.00020367
4,30,17,0.00011049
4,30,18,0.00003646
4,30,19,0.00000221
4,30,20,0.00000000
5,1,1,0.00000000
5,1,3,0.00000687
5,1,4,0.00002247
5,1,5,0.00007771
5,1,6,0.00017347
5,1,7,0.00032263
5,1,8,0.00051193
5,1,9,0.00065299
5,1,10,0.00071228
5,1,11,0.00071191
5,1,12,0.00067140
5,1,13,0.00061542
5,1,14,0.00049978
5,1,15,0.00038671
5,1,16,0.00024492
5,1,17,0.00012117
5,1,18,0.00004014
5,1,19,0.00000331
5,1,20,0.00000000
5,2,3,0.00000295
5,2,4,0.00001031
5,2,5,0.00003315
5,2,6,0.00007918
5,2,7,0.00014879
5,2,8,0.00023718
5,2,9,0.00031968
5,2,10,0.00039665
5,2,11,0.00040918
5,2,12,0.00039408
5,2,13,0.00036203
5,2,14,0.00030311
5,2,15,0.00024639
5,2,16,0.00016021
5,2,17,0.00008176
5,2,18,0.00003388
5,2,19,0.00000516
5,2,20,0.00000000
5,3,3,0.00000589
5,3,4,0.00001694
5,3,5,0.00005046
5,3,6,0.00011564
5,3,7,0.00022135
5,3,8,0.00033478
5,3,9,0.00046553
5,3,10,0.00056312
5,3,11,0.00061284
5,3,12,0.00060253
5,3,13,0.00050493
5,3,14,0.00037677
5,3,15,0.00026333
5,3,16,0.00015137
5,3,17,0.00008139
5,3,18,0.00003204
5,3,19,0.00000773
5,3,20,0.00000000
5,4,3,0.00000773
5,4,4,0.00003167
5,4,5,0.00009944
5,4,6,0.00020882
5,4,7,0.00035504
5,4,8,0.00050604
5,4,9,0.00059737
5,4,10,0.00065520
5,4,11,0.00066956
5,4,12,0.00064415
5,4,13,0.00060842
5,4,14,0.00050383
5,4,15,0.00039592
5,4,16,0.00025891
5,4,17,0.00013995
5,4,18,0.00005340
5,4,19,0.00001363
5,4,20,0.00000000
5,5,2,0.00000147
5,5,3,0.00001129
5,5,4,0.00003278
5,5,5,0.00008066
5,5,6,0.00015763
5,5,7,0.00025854
5,5,8,0.00039113
5,5,9,0.00049646
5,5,10,0.00050272
5,5,11,0.00050420
5,5,12,0.00047842
5,5,13,0.00042280
5,5,14,0.00035688
5,5,15,0.00025891
5,5,16,0.00016868
5,5,17,0.00009244
5,5,18,0.00003425
5,5,19,0.00001031
5,5,20,0.00000000
5,6,2,0.00000147
5,6,3,0.00000847
5,6,4,0.00003351
5,6,5,0.00008692
5,6,6,0.00018157
5,6,7,0.00031637
5,6,8,0.00044822
5,6,9,0.00057638
5,6,10,0.00065741
5,6,11,0.00067177
5,6,12,0.00066661
5,6,13,0.00062868
5,6,14,0.00052261
5,6,15,0.00040144
5,6,16,0.00025744
5,6,17,0.00013590
5,6,18,0.00005672
5,6,19,0.00001657
5,6,20,0.00000000
5,7,2,0.00000147
5,7,3,0.00001031
5,7,4,0.00003315
5,7,5,0.00008066
5,7,6,0.00016978
5,7,7,0.00029243
5,7,8,0.00039997
5,7,9,0.00049573
5,7,10,0.00057417
5,7,11,0.00061063
5,7,12,0.00060806
5,7,13,0.00056644
5,7,14,0.00045816
5,7,15,0.00034472
5,7,16,0.00022245
5,7,17,0.00012301
5,7,18,0.00004935
5,7,19,0.00001289
5,7,20,0.00000000
5,8,2,0.00000147
5,8,3,0.00001142
5,8,4,0.00004014
5,8,5,0.00009502
5,8,6,0.00018709
5,8,7,0.00032557
5,8,8,0.00047694
5,8,9,0.00059627
5,8,10,0.00065078
5,8,11,0.00068724
5,8,12,0.00065557
5,8,13,0.00056349
5,8,14,0.00044527
5,8,15,0.00036240
5,8,16,0.00021177
5,8,17,0.00010717
5,8,18,0.00004567
5,8,19,0.00001142
5,8,20,0.00000000
5,9,2,0.00000147
5,9,3,0.00000773
5,9,4,0.00003499
5,9,5,0.00008287
5,9,6,0.00016058
5,9,7,0.00027843
5,9,8,0.00043532
5,9,9,0.00055649
5,9,10,0.00060106
5,9,11,0.00060806
5,9,12,0.00058301
5,9,13,0.00051193
5,9,14,0.00038745
5,9,15,0.00027585
5,9,16,0.00017568
5,9,17,0.00009134
5,9,18,0.00003536
5,9,19,0.00000884
5,9,20,0.00000000
5,10,2,0.00000295
5,10,3,0.00001363
5,10,4,0.00005377
5,10,5,0.00011380
5,10,6,0.00020477
5,10,7,0.00033810
5,10,8,0.00048910
5,10,9,0.00061542
5,10,10,0.00070197
5,10,11,0.00074653
5,10,12,0.00074027
5,10,13,0.00068761
5,10,14,0.00058338
5,10,15,0.00044269
5,10,16,0.00028948
5,10,17,0.00016573
5,10,18,0.00007808
5,10,19,0.00001989
5,10,20,0.00000000
5,10,21,0.00000442
5,10,22,0.00000000
5,11,2,0.00000516
5,11,3,0.00001878
5,11,4,0.00008299
5,11,5,0.00013222
5,11,6,0.00022724
5,11,7,0.00037640
5,11,8,0.00053145
5,11,9,0.00067288
5,11,10,0.00078521
5,11,11,0.00084082
5,11,12,0.00082351
5,11,13,0.00077600
5,11,14,0.00068171
5,11,15,0.00051930
5,11,16,0.00034288
5,11,17,0.00019851
5,11,18,0.00008802
5,11,19,0.00002320
5,11,20,0.00000074
5,11,21,0.00000221
5,11,22,0.00000000
5,12,2,0.00000221
5,12,3,0.00001142
5,12,4,0.00004125
5,12,5,0.00009023
5,12,6,0.00017126
5,12,7,0.00029132
5,12,8,0.00045632
5,12,9,0.00059001
5,12,10,0.00068577
5,12,11,0.00073733
5,12,12,0.00072002
5,12,13,0.00064930
5,12,14,0.00049757
5,12,15,0.00041396
5,12,16,0.00027769
5,12,17,0.00015395
5,12,18,0.00006887
5,12,19,0.00001952
5,12,20,0.00000184
5,12,21,0.00000221
5,12,22,0.00000000
5,13,2,0.00000147
5,13,3,0.00001363
5,13,4,0.00004751
5,13,5,0.00010902
5,13,6,0.00022613
5,13,7,0.00039002
5,13,8,0.00055428
5,13,9,0.00068319
5,13,10,0.00081541
5,13,11,0.00086071
5,13,12,0.00083493
5,13,13,0.00075611
5,13,14,0.00061248
5,13,15,0.00046773
5,13,16,0.00029279
5,13,17,0.00016315
5,13,18,0.00007918
5,13,19,0.00002615
5,13,20,0.00000221
5,13,21,0.00000221
5,13,22,0.00000000
5,14,2,0.00000221
5,14,3,0.00001363
5,14,4,0.00004677
5,14,5,0.00010202
5,14,6,0.00018673
5,14,7,0.00031894
5,14,8,0.00048357
5,14,9,0.00058448
5,14,10,0.00063678
5,14,11,0.00066514
5,14,12,0.00062905
5,14,13,0.00052998
5,14,14,0.00044564
5,14,15,0.00036461
5,14,16,0.00024860
5,14,17,0.00015174
5,14,18,0.00008102
5,14,19,0.00002762
5,14,20,0.00000331
5,14,21,0.00000196
5,14,22,0.00000000
5,15,2,0.00000491
5,15,3,0.00002173
5,15,4,0.00007219
5,15,5,0.00015689
5,15,6,0.00027733
5,15,7,0.00045816
5,15,8,0.00063899
5,15,9,0.00076605
5,15,10,0.00085187
5,15,11,0.00087654
5,15,12,0.00086660
5,15,13,0.00079846
5,15,14,0.00066735
5,15,15,0.00052408
5,15,16,0.00036682
5,15,17,0.00021877
5,15,18,0.00009797
5,15,19,0.00002836
5,15,20,0.00000368
5,15,21,0.00000295
5,15,22,0.00000000
5,16,2,0.00000147
5,16,3,0.00001657
5,16,4,0.00006519
5,16,5,0.00014511
5,16,6,0.00025302
5,16,7,0.00039076
5,16,8,0.00054360
5,16,9,0.00066404
5,16,10,0.00073475
5,16,11,0.00073880
5,16,12,0.00068577
5,16,13,0.00058927
5,16,14,0.00046111
5,16,15,0.00036130
5,16,16,0.00023645
5,16,17,0.00013480
5,16,18,0.00006666
5,16,19,0.00002026
5,16,20,0.00000295
5,16,21,0.00000000
5,16,22,0.00000000
5,17,2,0.00000491
5,17,3,0.00001547
5,17,4,0.00005856
5,17,5,0.00011933
5,17,6,0.00021140
5,17,7,0.00034325
5,17,8,0.00049462
5,17,9,0.00061468
5,17,10,0.00071376
5,17,11,0.00075132
5,17,12,0.00075059
5,17,13,0.00069718
5,17,14,0.00059148
5,17,15,0.00046221
5,17,16,0.00032263
5,17,17,0.00019409
5,17,18,0.00009576
5,17,19,0.00003094
5,17,20,0.00000479
5,17,21,0.00000368
5,17,22,0.00000000
5,18,2,0.00000540
5,18,3,0.00002136
5,18,4,0.00007108
5,18,5,0.00014621
5,18,6,0.00025449
5,18,7,0.00040807
5,18,8,0.00060143
5,18,9,0.00073954
5,18,10,0.00081946
5,18,11,0.00083456
5,18,12,0.00080399
5,18,13,0.00076569
5,18,14,0.00067361
5,18,15,0.00053182
5,18,16,0.00036572
5,18,17,0.00021619
5,18,18,0.00011049
5,18,19,0.00003609
5,18,20,0.00000479
5,18,21,0.00000246
5,18,22,0.00000000
5,19,2,0.00000442
5,19,3,0.00001436
5,19,4,0.00005082
5,19,5,0.00012559
5,19,6,0.00022429
5,19,7,0.00037824
5,19,8,0.00055502
5,19,9,0.00065741
5,19,10,0.00075685
5,19,11,0.00078705
5,19,12,0.00079441
5,19,13,0.00074985
5,19,14,0.00065778
5,19,15,0.00053292
5,19,16,0.00037750
5,19,17,0.00023424
5,19,18,0.00011601
5,19,19,0.00003830
5,19,20,0.00000626
5,19,21,0.00000295
5,19,22,0.00000000
5,20,2,0.00000516
5,20,3,0.00002247
5,20,4,0.00007918
5,20,5,0.00016463
5,20,6,0.00028506
5,20,7,0.00042280
5,20,8,0.00058301
5,20,9,0.00069571
5,20,10,0.00076163
5,20,11,0.00076605
5,20,12,0.00076311
5,20,13,0.00071486
5,20,14,0.00060069
5,20,15,0.00047621
5,20,16,0.00034030
5,20,17,0.00020219
5,20,18,0.00010460
5,20,19,0.00003572
5,20,20,0.00000589
5,20,21,0.00000295
5,20,22,0.00000000
5,21,2,0.00000552
5,21,3,0.00001989
5,21,4,0.00006372
5,21,5,0.00012117
5,21,6,0.00019593
5,21,7,0.00030900
5,21,8,0.00040365
5,21,9,0.00049904
5,21,10,0.00053808
5,21,11,0.00055907
5,21,12,0.00053292
5,21,13,0.00051119
5,21,14,0.00046332
5,21,15,0.00037419
5,21,16,0.00025965
5,21,17,0.00014879
5,21,18,0.00006924
5,21,19,0.00002320
5,21,20,0.00000442
5,21,21,0.00000221
5,21,22,0.00000000
5,22,2,0.00000491
5,22,3,0.00001510
5,22,4,0.00005156
5,22,5,0.00010570
5,22,6,0.00018673
5,22,7,0.00031379
5,22,8,0.00046663
5,22,9,0.00058375
5,22,10,0.00068208
5,22,11,0.00070750
5,22,12,0.00069313
5,22,13,0.00064157
5,22,14,0.00054655
5,22,15,0.00041875
5,22,16,0.00027659
5,22,17,0.00016131
5,22,18,0.00008287
5,22,19,0.00002689
5,22,20,0.00000663
5,22,21,0.00000442
5,22,22,0.00000000
5,23,2,0.00000737
5,23,3,0.00002357
5,23,4,0.00006777
5,23,5,0.00012854
5,23,6,0.00020183
5,23,7,0.00032115
5,23,8,0.00047215
5,23,9,0.00060437
5,23,10,0.00069313
5,23,11,0.00071744
5,23,12,0.00071818
5,23,13,0.00064709
5,23,14,0.00052372
5,23,15,0.00039187
5,23,16,0.00025928
5,23,17,0.00015837
5,23,18,0.00008913
5,23,19,0.00003094
5,23,20,0.00000737
5,23,21,0.00000221
5,23,22,0.00000000
5,24,2,0.00000626
5,24,3,0.00002578
5,24,4,0.00007734
5,24,5,0.00015616
5,24,6,0.00027328
5,24,7,0.00042612
5,24,8,0.00058412
5,24,9,0.00068392
5,24,10,0.00075501
5,24,11,0.00075501
5,24,12,0.00072444
5,24,13,0.00062978
5,24,14,0.00050199
5,24,15,0.00038413
5,24,16,0.00025781
5,24,17,0.00015505
5,24,18,0.00008323
5,24,19,0.00002910
5,24,20,0.00000737
5,24,21,0.00000221
5,24,22,0.00000000
5,25,1,0.00000196
5,25,2,0.00000687
5,25,3,0.00002468
5,25,4,0.00007440
5,25,5,0.00016021
5,25,6,0.00028690
5,25,7,0.00045779
5,25,8,0.00062684
5,25,9,0.00074838
5,25,10,0.00081283
5,25,11,0.00090257
5,25,12,0.00081872
5,25,13,0.00078705
5,25,14,0.00069718
5,25,15,0.00056496
5,25,16,0.00038855
5,25,17,0.00023092
5,25,18,0.00011785
5,25,19,0.00003904
5,25,20,0.00000884
5,25,21,0.00000295
5,25,22,0.00000000
5,26,1,0.00000147
5,26,2,0.00000663
5,26,3,0.00002799
5,26,4,0.00005966
5,26,5,0.00011491
5,26,6,0.00020367
5,26,7,0.00032926
5,26,8,0.00042207
5,26,9,0.00050162
5,26,10,0.00054950
5,26,11,0.00054766
5,26,12,0.00051819
5,26,13,0.00048210
5,26,14,0.00044269
5,26,15,0.00036682
5,26,16,0.00025854
5,26,17,0.00015800
5,26,18,0.00008729
5,26,19,0.00003204
5,26,20,0.00000921
5,26,21,0.00000258
5,26,22,0.00000000
5,27,1,0.00000147
5,27,2,0.00000847
5,27,3,0.00002689
5,27,4,0.00007624
5,27,5,0.00016205
5,27,6,0.00029279
5,27,7,0.00045853
5,27,8,0.00061947
5,27,9,0.00074101
5,27,10,0.00080509
5,27,11,0.00082204
5,27,12,0.00077121
5,27,13,0.00069866
5,27,14,0.00056496
5,27,15,0.00045742
5,27,16,0.00031342
5,27,17,0.00018857
5,27,18,0.00009686
5,27,19,0.00004812
5,27,20,0.00000810
5,27,21,0.00000258
5,27,22,0.00000000
5,28,1,0.00000147
5,28,2,0.00002062
5,28,3,0.00001805
5,28,4,0.00004714
5,28,5,0.00009392
5,28,6,0.00015505
5,28,7,0.00026259
5,28,8,0.00040439
5,28,9,0.00056349
5,28,10,0.00065151
5,28,11,0.00066625
5,28,12,0.00069718
5,28,13,0.00065704
5,28,14,0.00056496
5,28,15,0.00046773
5,28,16,0.00033183
5,28,17,0.00020846
5,28,18,0.00010865
5,28,19,0.00004235
5,28,20,0.00001142
5,28,21,0.00000258
5,28,22,0.00000000
5,29,1,0.00000147
5,29,2,0.00000994
5,29,3,0.00003315
5,29,4,0.00009281
5,29,5,0.00018194
5,29,6,0.00030900
5,29,7,0.00047694
5,29,8,0.00065078
5,29,9,0.00072886
5,29,10,0.00078484
5,29,11,0.00077047
5,29,12,0.00073770
5,29,13,0.00064415
5,29,14,0.00051893
5,29,15,0.00040770
5,29,16,0.00029464
5,29,17,0.00019556
5,29,18,0.00010644
5,29,19,0.00004051
5,29,20,0.00001068
5,29,21,0.00000258
5,29,22,0.00000000
5,30,1,0.00000221
5,30,2,0.00000810
5,30,3,0.00002946
5,30,4,0.00007550
5,30,5,0.00014327
5,30,6,0.00024197
5,30,7,0.00038008
5,30,8,0.00058448
5,30,9,0.00068761
5,30,10,0.00074396
5,30,11,0.00074432
5,30,12,0.00068098
5,30,13,0.00059369
5,30,14,0.00051930
5,30,15,0.00037971
5,30,16,0.00025633
5,30,17,0.00014805
5,30,18,0.00007550
5,30,19,0.00002836
5,30,20,0.00000884
5,30,21,0.00000258
5,30,22,0.00000000
5,31,1,0.00000147
5,31,2,0.00000552
5,31,3,0.00002946
5,31,4,0.00006114
5,31,5,0.00011785
5,31,6,0.00018930
5,31,7,0.00027254
5,31,8,0.00037308
5,31,9,0.00045006
5,31,10,0.00050051
5,31,11,0.00053550
5,31,12,0.00053992
5,31,13,0.00049830
5,31,14,0.00044269
5,31,15,0.00036203
5,31,16,0.00024602
5,31,17,0.00013922
5,31,18,0.00007513
5,31,19,0.00002725
5,31,20,0.00000982
5,31,21,0.00000221
5,31,22,0.00000000
6,1,1,0.00000110
6,1,2,0.00000773
6,1,3,0.00003634
6,1,4,0.00007661
6,1,5,0.00014916
6,1,6,0.00024418
6,1,7,0.00036498
6,1,8,0.00048468
6,1,9,0.00058007
6,1,10,0.00064599
6,1,11,0.00065483
6,1,12,0.00060990
6,1,13,0.00056938
6,1,14,0.00050567
6,1,15,0.00040034
6,1,16,0.00027917
6,1,17,0.00016058
6,1,18,0.00008029
6,1,19,0.00002615
6,1,20,0.00000847
6,1,21,0.00000393
6,1,22,0.00000000
6,2,1,0.00000147
6,2,2,0.00000835
6,2,3,0.00002431
6,2,4,0.00006445
6,2,5,0.00012043
6,2,6,0.00019299
6,2,7,0.00029758
6,2,8,0.00039260
6,2,9,0.00047252
6,2,10,0.00057749
6,2,11,0.00061726
6,2,12,0.00063126
6,2,13,0.00059185
6,2,14,0.00053219
6,2,15,0.00045116
6,2,16,0.00032778
6,2,17,0.00021619
6,2,18,0.00012006
6,2,19,0.00004677
6,2,20,0.00001670
6,2,21,0.00000491
6,2,22,0.00000000
6,3,1,0.00000221
6,3,2,0.00000810
6,3,3,0.00003879
6,3,4,0.00007513
6,3,5,0.00014364
6,3,6,0.00023350
6,3,7,0.00035099
6,3,8,0.00048099
6,3,9,0.00057933
6,3,10,0.00064636
6,3,11,0.00068466
6,3,12,0.00068761
6,3,13,0.00063384
6,3,14,0.00053255
6,3,15,0.00040623
6,3,16,0.00026665
6,3,17,0.00016168
6,3,18,0.00007734
6,3,19,0.00002689
6,3,20,0.00000516
6,3,21,0.00000049
6,3,22,0.00000000
6,4,1,0.00000221
6,4,2,0.00000626
6,4,3,0.00002910
6,4,4,0.00008213
6,4,5,0.00017715
6,4,6,0.00029537
6,4,7,0.00046221
6,4,8,0.00062426
6,4,9,0.00075022
6,4,10,0.00082903
6,4,11,0.00083272
6,4,12,0.00092565
6,4,13,0.00073401
6,4,14,0.00060621
6,4,15,0.00048983
6,4,16,0.00033294
6,4,17,0.00020735
6,4,18,0.00011123
6,4,19,0.00004162
6,4,20,0.00001252
6,4,21,0.00000442
6,4,22,0.00000000
6,5,1,0.00000147
6,5,2,0.00001326
6,5,3,0.00003020
6,5,4,0.00007587
6,5,5,0.00013958
6,5,6,0.00023460
6,5,7,0.00037750
6,5,8,0.00050346
6,5,9,0.00059774
6,5,10,0.00070750
6,5,11,0.00077011
6,5,12,0.00078042
6,5,13,0.00088636
6,5,14,0.00068135
6,5,15,0.00056717
6,5,16,0.00041507
6,5,17,0.00026775
6,5,18,0.00014879
6,5,19,0.00005451
6,5,20,0.00001400
6,5,21,0.00000405
6,5,22,0.00000000
6,6,1,0.00000147
6,6,2,0.00000810
6,6,3,0.00002504
6,6,4,0.00006372
6,6,5,0.00014143
6,6,6,0.00025670
6,6,7,0.00039850
6,6,8,0.00052556
6,6,9,0.00063826
6,6,10,0.00070970
6,6,11,0.00073696
6,6,12,0.00070823
6,6,13,0.00060179
6,6,14,0.00044048
6,6,15,0.00032299
6,6,16,0.00024197
6,6,17,0.00017199
6,6,18,0.00009465
6,6,19,0.00004162
6,6,20,0.00001436
6,6,21,0.00000405
6,6,22,0.00000000
6,7,1,0.00000147
6,7,2,0.00001179
6,7,3,0.00002873
6,7,4,0.00007440
6,7,5,0.00014106
6,7,6,0.00023276
6,7,7,0.00035614
6,7,8,0.00048210
6,7,9,0.00055392
6,7,10,0.00062831
6,7,11,0.00064488
6,7,12,0.00061653
6,7,13,0.00058117
6,7,14,0.00050493
6,7,15,0.00042464
6,7,16,0.00030163
6,7,17,0.00019962
6,7,18,0.00011454
6,7,19,0.00004420
6,7,20,0.00001510
6,7,21,0.00000516
6,7,22,0.00000000
6,8,1,0.00000196
6,8,2,0.00001068
6,8,3,0.00003388
6,8,4,0.00008434
6,8,5,0.00016205
6,8,6,0.00025523
6,8,7,0.00037824
6,8,8,0.00045926
6,8,9,0.00053292
6,8,10,0.00062095
6,8,11,0.00065667
6,8,12,0.00062500
6,8,13,0.00057601
6,8,14,0.00048431
6,8,15,0.00041065
6,8,16,0.00030458
6,8,17,0.00020735
6,8,18,0.00011380
6,8,19,0.00004935
6,8,20,0.00001657
6,8,21,0.00000479
6,8,22,0.00000000
6,9,1,0.00000147
6,9,2,0.00001179
6,9,3,0.00004861
6,9,4,0.00009723
6,9,5,0.00019115
6,9,6,0.00031600
6,9,7,0.00046111
6,9,8,0.00058412
6,9,9,0.00069571
6,9,10,0.00077011
6,9,11,0.00082830
6,9,12,0.00083493
6,9,13,0.00077858
6,9,14,0.00064599
6,9,15,0.00051672
6,9,16,0.00034878
6,9,17,0.00020882
6,9,18,0.00010312
6,9,19,0.00003757
6,9,20,0.00000773
6,9,21,0.00000074
6,9,22,0.00000000
6,10,1,0.00000147
6,10,2,0.00000847
6,10,3,0.00002689
6,10,4,0.00006298
6,10,5,0.00012485
6,10,6,0.00022503
6,10,7,0.00037861
6,10,8,0.00051451
6,10,9,0.00061100
6,10,10,0.00070934
6,10,11,0.00074911
6,10,12,0.00075059
6,10,13,0.00071744
6,10,14,0.00062352
6,10,15,0.00053292
6,10,16,0.00039039
6,10,17,0.00025007
6,10,18,0.00013774
6,10,19,0.00005635
6,10,20,0.00001878
6,10,21,0.00000405
6,10,22,0.00000000
6,11,1,0.00000196
6,11,2,0.00000994
6,11,3,0.00002873
6,11,4,0.00007697
6,11,5,0.00015211
6,11,6,0.00027217
6,11,7,0.00043938
6,11,8,0.00062389
6,11,9,0.00071818
6,11,10,0.00076532
6,11,11,0.00079699
6,11,12,0.00078373
6,11,13,0.00072665
6,11,14,0.00062758
6,11,15,0.00051819
6,11,16,0.00035246
6,11,17,0.00020477
6,11,18,0.00010533
6,11,19,0.00003867
6,11,20,0.00001473
6,11,21,0.00000516
6,11,22,0.00000000
6,12,1,0.00000147
6,12,2,0.00001277
6,12,3,0.00003057
6,12,4,0.00007992
6,12,5,0.00015358
6,12,6,0.00025781
6,12,7,0.00040623
6,12,8,0.00052261
6,12,9,0.00062205
6,12,10,0.00066146
6,12,11,0.00070418
6,12,12,0.00072260
6,12,13,0.00070713
6,12,14,0.00062942
6,12,15,0.00051635
6,12,16,0.00040439
6,12,17,0.00027954
6,12,18,0.00015542
6,12,19,0.00006114
6,12,20,0.00002099
6,12,21,0.00000737
6,12,22,0.00000000
6,13,1,0.00000184
6,13,2,0.00001289
6,13,3,0.00003867
6,13,4,0.00010091
6,13,5,0.00019446
6,13,6,0.00032336
6,13,7,0.00046295
6,13,8,0.00064783
6,13,9,0.00077489
6,13,10,0.00079503
6,13,11,0.00085555
6,13,12,0.00084929
6,13,13,0.00078005
6,13,14,0.00065962
6,13,15,0.00050714
6,13,16,0.00034472
6,13,17,0.00022908
6,13,18,0.00013259
6,13,19,0.00005340
6,13,20,0.00001915
6,13,21,0.00000368
6,13,22,0.00000000
6,14,1,0.00000221
6,14,2,0.00001424
6,14,3,0.00003683
6,14,4,0.00008765
6,14,5,0.00016095
6,14,6,0.00028580
6,14,7,0.00044343
6,14,8,0.00057675
6,14,9,0.00069755
6,14,10,0.00079183
6,14,11,0.00079662
6,14,12,0.00079183
6,14,13,0.00076863
6,14,14,0.00066256
6,14,15,0.00053035
6,14,16,0.00038671
6,14,17,0.00023829
6,14,18,0.00012559
6,14,19,0.00005414
6,14,20,0.00001768
6,14,21,0.00000331
6,14,22,0.00000000
6,15,1,0.00000184
6,15,2,0.00001571
6,15,3,0.00004309
6,15,4,0.00010570
6,15,5,0.00020256
6,15,6,0.00034251
6,15,7,0.00048873
6,15,8,0.00063236
6,15,9,0.00069424
6,15,10,0.00075501
6,15,11,0.00077784
6,15,12,0.00079220
6,15,13,0.00075979
6,15,14,0.00066956
6,15,15,0.00053624
6,15,16,0.00039150
6,15,17,0.00026259
6,15,18,0.00013664
6,15,19,0.00005672
6,15,20,0.00001841
6,15,21,0.00000331
6,15,22,0.00000000
6,16,0,0.00000147
6,16,1,0.00000196
6,16,2,0.00001142
6,16,3,0.00003646
6,16,4,0.00008765
6,16,5,0.00016168
6,16,6,0.00027107
6,16,7,0.00039629
6,16,8,0.00053771
6,16,9,0.00066882
6,16,10,0.00072517
6,16,11,0.00071781
6,16,12,0.00066330
6,16,13,0.00057086
6,16,14,0.00045595
6,16,15,0.00032999
6,16,16,0.00022724
6,16,17,0.00013222
6,16,18,0.00006261
6,16,19,0.00002725
6,16,20,0.00000958
6,16,21,0.00000184
6,16,22,0.00000000
6,17,1,0.00000147
6,17,2,0.00000810
6,17,3,0.00002541
6,17,4,0.00006592
6,17,5,0.00014916
6,17,6,0.00028359
6,17,7,0.00044195
6,17,8,0.00060990
6,17,9,0.00072186
6,17,10,0.00072701
6,17,11,0.00074580
6,17,12,0.00071228
6,17,13,0.00067251
6,17,14,0.00056681
6,17,15,0.00049315
6,17,16,0.00035798
6,17,17,0.00021214
6,17,18,0.00010349
6,17,19,0.00003094
6,17,20,0.00000810
6,17,21,0.00000147
6,17,22,0.00000000
6,18,0,0.00000589
6,18,1,0.00000147
6,18,2,0.00000516
6,18,3,0.00001657
6,18,4,0.00004420
6,18,5,0.00008802
6,18,6,0.00017825
6,18,7,0.00028874
6,18,8,0.00042575
6,18,9,0.00050972
6,18,10,0.00053808
6,18,11,0.00058375
6,18,12,0.00059885
6,18,13,0.00058927
6,18,14,0.00051451
6,18,15,0.00041949
6,18,16,0.00030090
6,18,17,0.00019262
6,18,18,0.00009576
6,18,19,0.00004309
6,18,20,0.00001584
6,18,21,0.00000589
6,18,22,0.00000049
6,19,0,0.00000442
6,19,1,0.00000442
6,19,2,0.00001326
6,19,3,0.00002910
6,19,4,0.00006740
6,19,5,0.00013074
6,19,6,0.00023424
6,19,7,0.00034914
6,19,8,0.00047584
6,19,9,0.00060548
6,19,10,0.00067840
6,19,11,0.00070934
6,19,12,0.00070713
6,19,13,0.00064488
6,19,14,0.00054766
6,19,15,0.00044159
6,19,16,0.00031084
6,19,17,0.00019446
6,19,18,0.00009870
6,19,19,0.00003646
6,19,20,0.00001068
6,19,21,0.00000331
6,19,22,0.00000098
6,19,23,0.00000147
6,20,0,0.00000442
6,20,1,0.00000147
6,20,2,0.00000921
6,20,3,0.00002762
6,20,4,0.00006740
6,20,5,0.00013627
6,20,6,0.00023608
6,20,7,0.00034546
6,20,8,0.00044159
6,20,9,0.00052519
6,20,10,0.00057233
6,20,11,0.00060069
6,20,12,0.00060842
6,20,13,0.00057491
6,20,14,0.00052261
6,20,15,0.00043606
6,20,16,0.00033294
6,20,17,0.00021140
6,20,18,0.00011012
6,20,19,0.00004493
6,20,20,0.00001584
6,20,21,0.00000516
6,20,22,0.00000074
6,21,0,0.00000442
6,21,1,0.00000221
6,21,2,0.00001277
6,21,3,0.00002799
6,21,4,0.00006629
6,21,5,0.00013443
6,21,6,0.00022871
6,21,7,0.00033994
6,21,8,0.00048468
6,21,9,0.00057196
6,21,10,0.00061616
6,21,11,0.00068245
6,21,12,0.00069313
6,21,13,0.00067214
6,21,14,0.00057417
6,21,15,0.00047179
6,21,16,0.00033994
6,21,17,0.00021582
6,21,18,0.00012191
6,21,19,0.00005819
6,21,20,0.00002320
6,21,21,0.00000982
6,21,22,0.00000110
6,21,23,0.00000147
6,22,1,0.00000540
6,22,2,0.00001964
6,22,3,0.00004972
6,22,4,0.00011417
6,22,5,0.00021803
6,22,6,0.00037161
6,22,7,0.00054876
6,22,8,0.00068724
6,22,9,0.00080804
6,22,10,0.00081369
6,22,11,0.00086144
6,22,12,0.00097230
6,22,13,0.00078373
6,22,14,0.00063347
6,22,15,0.00050825
6,22,16,0.00035320
6,22,17,0.00021582
6,22,18,0.00011564
6,22,19,0.00005488
6,22,20,0.00002062
6,22,21,0.00000810
6,22,22,0.00000147
6,22,23,0.00000295
6,23,0,0.00000295
6,23,1,0.00000344
6,23,2,0.00001326
6,23,3,0.00002910
6,23,4,0.00006298
6,23,5,0.00011012
6,23,6,0.00018673
6,23,7,0.00024749
6,23,8,0.00033515
6,23,9,0.00040918
6,23,10,0.00041544
6,23,11,0.00040697
6,23,12,0.00040181
6,23,13,0.00035504
6,23,14,0.00031821
6,23,15,0.00024676
6,23,16,0.00017420
6,23,17,0.00009760
6,23,18,0.00005303
6,23,19,0.00002136
6,23,20,0.00000589
6,23,21,0.00000098
6,23,22,0.00000000
6,24,0,0.00000442
6,24,1,0.00000147
6,24,2,0.00000663
6,24,3,0.00002357
6,24,4,0.00005930
6,24,5,0.00011123
6,24,6,0.00018673
6,24,7,0.00027401
6,24,8,0.00037419
6,24,9,0.00049904
6,24,10,0.00050456
6,24,11,0.00052077
6,24,12,0.00049499
6,24,13,0.00044380
6,24,14,0.00042133
6,24,15,0.00032594
6,24,16,0.00022466
6,24,17,0.00013038
6,24,18,0.00006335
6,24,19,0.00002799
6,24,20,0.00001142
6,24,21,0.00000246
6,24,22,0.00000037
6,25,1,0.00000147
6,25,2,0.00000810
6,25,3,0.00002504
6,25,4,0.00006187
6,25,5,0.00011675
6,25,6,0.00020698
6,25,7,0.00031010
6,25,8,0.00046958
6,25,9,0.00059922
6,25,10,0.00071155
6,25,11,0.00079368
6,25,12,0.00079920
6,25,13,0.00076495
6,25,14,0.00070970
6,25,15,0.00059553
6,25,16,0.00044637
6,25,17,0.00029206
6,25,18,0.00016426
6,25,19,0.00006813
6,25,20,0.00002394
6,25,21,0.00000773
6,25,22,0.00000074
6,25,23,0.00000147
6,26,1,0.00000331
6,26,2,0.00001363
6,26,3,0.00003867
6,26,4,0.00008729
6,26,5,0.00016279
6,26,6,0.00028359
6,26,7,0.00042870
6,26,8,0.00057233
6,26,9,0.00067619
6,26,10,0.00075059
6,26,11,0.00078042
6,26,12,0.00076974
6,26,13,0.00071228
6,26,14,0.00062831
6,26,15,0.00058264
6,26,16,0.00046295
6,26,17,0.00030311
6,26,18,0.00017273
6,26,19,0.00007476
6,26,20,0.00002910
6,26,21,0.00001031
6,26,22,0.00000110
6,26,23,0.00000147
6,27,1,0.00000994
6,27,2,0.00002173
6,27,3,0.00005340
6,27,4,0.00011343
6,27,5,0.00020588
6,27,6,0.00034362
6,27,7,0.00050862
6,27,8,0.00066809
6,27,9,0.00074211
6,27,10,0.00079662
6,27,11,0.00080583
6,27,12,0.00078410
6,27,13,0.00070860
6,27,14,0.00060069
6,27,15,0.00047068
6,27,16,0.00034878
6,27,17,0.00023939
6,27,18,0.00013148
6,27,19,0.00005635
6,27,20,0.00002026
6,27,21,0.00000700
6,27,22,0.00000049
6,28,1,0.00001228
6,28,2,0.00001841
6,28,3,0.00004567
6,28,4,0.00010054
6,28,5,0.00017641
6,28,6,0.00028690
6,28,7,0.00042059
6,28,8,0.00055576
6,28,9,0.00065741
6,28,10,0.00072002
6,28,11,0.00071449
6,28,12,0.00069203
6,28,13,0.00064378
6,28,14,0.00058007
6,28,15,0.00048910
6,28,16,0.00034546
6,28,17,0.00020551
6,28,18,0.00010018
6,28,19,0.00004420
6,28,20,0.00001657
6,28,21,0.00000516
6,28,22,0.00000074
6,28,23,0.00000295
6,29,1,0.00002946
6,29,2,0.00001473
6,29,3,0.00002799
6,29,4,0.00005782
6,29,5,0.00011454
6,29,6,0.00021435
6,29,7,0.00035209
6,29,8,0.00053219
6,29,9,0.00066072
6,29,10,0.00075758
6,29,11,0.00081688
6,29,12,0.00080067
6,29,13,0.00076679
6,29,14,0.00065925
6,29,15,0.00054360
6,29,16,0.00038708
6,29,17,0.00023866
6,29,18,0.00012854
6,29,19,0.00005451
6,29,20,0.00002026
6,29,21,0.00000933
6,29,22,0.00000098
6,30,0,0.00000147
6,30,1,0.00001473
6,30,2,0.00001731
6,30,3,0.00004309
6,30,4,0.00009318
6,30,5,0.00016905
6,30,6,0.00025817
6,30,7,0.00035688
6,30,8,0.00048099
6,30,9,0.00056276
6,30,10,0.00060842
6,30,11,0.00065814
6,30,12,0.00066109
6,30,13,0.00063936
6,30,14,0.00059480
6,30,15,0.00050751
6,30,16,0.00038487
6,30,17,0.00025228
6,30,18,0.00013848
6,30,19,0.00005893
6,30,20,0.00002136
6,30,21,0.00000786
6,30,22,0.00000110
6,30,23,0.00000295
7,1,1,0.00000147
7,1,2,0.00000921
7,1,3,0.00002873
7,1,4,0.00007255
7,1,5,0.00015726
7,1,6,0.00028359
7,1,7,0.00044085
7,1,8,0.00061432
7,1,9,0.00067693
7,1,10,0.00076863
7,1,11,0.00079368
7,1,12,0.00077894
7,1,13,0.00072922
7,1,14,0.00063973
7,1,15,0.00051119
7,1,16,0.00036056
7,1,17,0.00022024
7,1,18,0.00010018
7,1,19,0.00003167
7,1,20,0.00000773
7,1,21,0.00000295
7,1,22,0.00000049
7,1,23,0.00000295
7,2,1,0.00000295
7,2,2,0.00000442
7,2,3,0.00001915
7,2,4,0.00005819
7,2,5,0.00012191
7,2,6,0.00022687
7,2,7,0.00036351
7,2,8,0.00050862
7,2,9,0.00058927
7,2,10,0.00070676
7,2,11,0.00076716
7,2,12,0.00078029
7,2,13,0.00071081
7,2,14,0.00061505
7,2,15,0.00050898
7,2,16,0.00035725
7,2,17,0.00023203
7,2,18,0.00011933
7,2,19,0.00005009
7,2,20,0.00001694
7,2,21,0.00000516
7,2,22,0.00000147
7,2,23,0.00000295
7,3,1,0.00000737
7,3,2,0.00001289
7,3,3,0.00003830
7,3,4,0.00008986
7,3,5,0.00016242
7,3,6,0.00027217
7,3,7,0.00040844
7,3,8,0.00052519
7,3,9,0.00063973
7,3,10,0.00067545
7,3,11,0.00067140
7,3,12,0.00065004
7,3,13,0.00056496
7,3,14,0.00044011
7,3,15,0.00034436
7,3,16,0.00022761
7,3,17,0.00013295
7,3,18,0.00006924
7,3,19,0.00002983
7,3,20,0.00001215
7,3,21,0.00000295
7,3,22,0.00000049
7,4,1,0.00000442
7,4,2,0.00001080
7,4,3,0.00002689
7,4,4,0.00006850
7,4,5,0.00013774
7,4,6,0.00025302
7,4,7,0.00038266
7,4,8,0.00050420
7,4,9,0.00055649
7,4,10,0.00058854
7,4,11,0.00060511
7,4,12,0.00060253
7,4,13,0.00057159
7,4,14,0.00047105
7,4,15,0.00032778
7,4,16,0.00021840
7,4,17,0.00013664
7,4,18,0.00006777
7,4,19,0.00003204
7,4,20,0.00001142
7,4,21,0.00000246
7,4,22,0.00000098
7,4,23,0.00000147
7,5,1,0.00000442
7,5,2,0.00000737
7,5,3,0.00002320
7,5,4,0.00006040
7,5,5,0.00011822
7,5,6,0.00020293
7,5,7,0.00032336
7,5,8,0.00043532
7,5,9,0.00053403
7,5,10,0.00057528
7,5,11,0.00060400
7,5,12,0.00063310
7,5,13,0.00062831
7,5,14,0.00055539
7,5,15,0.00045448
7,5,16,0.00032926
7,5,17,0.00021398
7,5,18,0.00010312
7,5,19,0.00003978
7,5,20,0.00001326
7,5,21,0.00000258
7,5,22,0.00000147
7,5,23,0.00000147
7,6,1,0.00000221
7,6,2,0.00000994
7,6,3,0.00003499
7,6,4,0.00008729
7,6,5,0.00016831
7,6,6,0.00030384
7,6,7,0.00046111
7,6,8,0.00061248
7,6,9,0.00070676
7,6,10,0.00078042
7,6,11,0.00084155
7,6,12,0.00084524
7,6,13,0.00079736
7,6,14,0.00068761
7,6,15,0.00057344
7,6,16,0.00041765
7,6,17,0.00025228
7,6,18,0.00012633
7,6,19,0.00005009
7,6,20,0.00001510
7,6,21,0.00000147
7,6,22,0.00000074
7,7,1,0.00000246
7,7,2,0.00000933
7,7,3,0.00002283
7,7,4,0.00005377
7,7,5,0.00010828
7,7,6,0.00017126
7,7,7,0.00023497
7,7,8,0.00031084
7,7,9,0.00041765
7,7,10,0.00047510
7,7,11,0.00051966
7,7,12,0.00053992
7,7,13,0.00052814
7,7,14,0.00046958
7,7,15,0.00043422
7,7,16,0.00035614
7,7,17,0.00021914
7,7,18,0.00011712
7,7,19,0.00004530
7,7,20,0.00001400
7,7,21,0.00000147
7,7,22,0.00000147
7,8,1,0.00000196
7,8,2,0.00000786
7,8,3,0.00002799
7,8,4,0.00008066
7,8,5,0.00016315
7,8,6,0.00028653
7,8,7,0.00043938
7,8,8,0.00060290
7,8,9,0.00071707
7,8,10,0.00076569
7,8,11,0.00080657
7,8,12,0.00081983
7,8,13,0.00076348
7,8,14,0.00068392
7,8,15,0.00053476
7,8,16,0.00038340
7,8,17,0.00024123
7,8,18,0.00012006
7,8,19,0.00004861
7,8,20,0.00001547
7,8,21,0.00000147
7,8,22,0.00000074
7,9,1,0.00000221
7,9,2,0.00000773
7,9,3,0.00003388
7,9,4,0.00009244
7,9,5,0.00019225
7,9,6,0.00034325
7,9,7,0.00051156
7,9,8,0.00069976
7,9,9,0.00082645
7,9,10,0.00087617
7,9,11,0.00087249
7,9,12,0.00064967
7,9,13,0.00082609
7,9,14,0.00072481
7,9,15,0.00059185
7,9,16,0.00044048
7,9,17,0.00027733
7,9,18,0.00014327
7,9,19,0.00005893
7,9,20,0.00001915
7,9,21,0.00000147
7,9,22,0.00000074
7,10,1,0.00000221
7,10,2,0.00000810
7,10,3,0.00003388
7,10,4,0.00008765
7,10,5,0.00017494
7,10,6,0.00031379
7,10,7,0.00048210
7,10,8,0.00066072
7,10,9,0.00082866
7,10,10,0.00089348
7,10,11,0.00093216
7,10,12,0.00091890
7,10,13,0.00086071
7,10,14,0.00075206
7,10,15,0.00060400
7,10,16,0.00044269
7,10,17,0.00027033
7,10,18,0.00013295
7,10,19,0.00005009
7,10,20,0.00001400
7,10,21,0.00000110
7,10,22,0.00000147
7,11,1,0.00000295
7,11,2,0.00000810
7,11,3,0.00001915
7,11,4,0.00005745
7,11,5,0.00012227
7,11,6,0.00022540
7,11,7,0.00036424
7,11,8,0.00051193
7,11,9,0.00080681
7,11,10,0.00072554
7,11,11,0.00078300
7,11,12,0.00078852
7,11,13,0.00076200
7,11,14,0.00064673
7,11,15,0.00053587
7,11,16,0.00039260
7,11,17,0.00024749
7,11,18,0.00012117
7,11,19,0.00004714
7,11,20,0.00001326
7,11,21,0.00000110
7,11,22,0.00000295
7,12,1,0.00000516
7,12,2,0.00000773
7,12,3,0.00002910
7,12,4,0.00007808
7,12,5,0.00016794
7,12,6,0.00031084
7,12,7,0.00047952
7,12,8,0.00066404
7,12,9,0.00086586
7,12,10,0.00092995
7,12,11,0.00097893
7,12,12,0.00097193
7,12,13,0.00090196
7,12,14,0.00075464
7,12,15,0.00061763
7,12,16,0.00044380
7,12,17,0.00026959
7,12,18,0.00013480
7,12,19,0.00005156
7,12,20,0.00001473
7,12,21,0.00000184
7,12,22,0.00000147
7,13,1,0.00000442
7,13,2,0.00001031
7,13,3,0.00002946
7,13,4,0.00007734
7,13,5,0.00016573
7,13,6,0.00029758
7,13,7,0.00048541
7,13,8,0.00068540
7,13,9,0.00081283
7,13,10,0.00086844
7,13,11,0.00089017
7,13,12,0.00085641
7,13,13,0.00087323
7,13,14,0.00075648
7,13,15,0.00060621
7,13,16,0.00043275
7,13,17,0.00027548
7,13,18,0.00014805
7,13,19,0.00005856
7,13,20,0.00001694
7,13,21,0.00000147
7,13,22,0.00000074
7,14,1,0.00000295
7,14,2,0.00000773
7,14,3,0.00002910
7,14,4,0.00007697
7,14,5,0.00015984
7,14,6,0.00028248
7,14,7,0.00041765
7,14,8,0.00057270
7,14,9,0.00074874
7,14,10,0.00084966
7,14,11,0.00091079
7,14,12,0.00092074
7,14,13,0.00088796
7,14,14,0.00074543
7,14,15,0.00060290
7,14,16,0.00042796
7,14,17,0.00026628
7,14,18,0.00013553
7,14,19,0.00005230
7,14,20,0.00001510
7,14,21,0.00000110
7,14,22,0.00000074
7,15,0,0.00000295
7,15,1,0.00000442
7,15,2,0.00000589
7,15,3,0.00002062
7,15,4,0.00006040
7,15,5,0.00013222
7,15,6,0.00023608
7,15,7,0.00037161
7,15,8,0.00052593
7,15,9,0.00068245
7,15,10,0.00072591
7,15,11,0.00077342
7,15,12,0.00078778
7,15,13,0.00073364
7,15,14,0.00061837
7,15,15,0.00050751
7,15,16,0.00036682
7,15,17,0.00021693
7,15,18,0.00010717
7,15,19,0.00004235
7,15,20,0.00001289
7,15,21,0.00000074
7,15,22,0.00000147
7,16,1,0.00000295
7,16,2,0.00000491
7,16,3,0.00001694
7,16,4,0.00004677
7,16,5,0.00010460
7,16,6,0.00019704
7,16,7,0.00033404
7,16,8,0.00045816
7,16,9,0.00061616
7,16,10,0.00071670
7,16,11,0.00076532
7,16,12,0.00076163
7,16,13,0.00071339
7,16,14,0.00074887
7,16,15,0.00051377
7,16,16,0.00036351
7,16,17,0.00022761
7,16,18,0.00011307
7,16,19,0.00004383
7,16,20,0.00001670
7,16,21,0.00000074
7,16,22,0.00000442
7,16,23,0.00000147
7,17,1,0.00000221
7,17,2,0.00000491
7,17,3,0.00002062
7,17,4,0.00006298
7,17,5,0.00014253
7,17,6,0.00026075
7,17,7,0.00041102
7,17,8,0.00056239
7,17,9,0.00072112
7,17,10,0.00079957
7,17,11,0.00079650
7,17,12,0.00084524
7,17,13,0.00078373
7,17,14,0.00065409
7,17,15,0.00048173
7,17,16,0.00033404
7,17,17,0.00018525
7,17,18,0.00009207
7,17,19,0.00003683
7,17,20,0.00001179
7,17,21,0.00000074
7,17,22,0.00000147
7,18,0,0.00000295
7,18,1,0.00000295
7,18,2,0.00000295
7,18,3,0.00001142
7,18,4,0.00003793
7,18,5,0.00008986
7,18,6,0.00017052
7,18,7,0.00029832
7,18,8,0.00042870
7,18,9,0.00056791
7,18,10,0.00062647
7,18,11,0.00068392
7,18,12,0.00069645
7,18,13,0.00065999
7,18,14,0.00055060
7,18,15,0.00044232
7,18,16,0.00031268
7,18,17,0.00018820
7,18,18,0.00008876
7,18,19,0.00003020
7,18,20,0.00000773
7,18,21,0.00000074
7,18,22,0.00000147
7,18,23,0.00000589
7,19,0,0.00000147
7,19,1,0.00000147
7,19,2,0.00000331
7,19,3,0.00001473
7,19,4,0.00004788
7,19,5,0.00010275
7,19,6,0.00019593
7,19,7,0.00032815
7,19,8,0.00047031
7,19,9,0.00056828
7,19,10,0.00065778
7,19,11,0.00067987
7,19,12,0.00066109
7,19,13,0.00060437
7,19,14,0.00051930
7,19,15,0.00039260
7,19,16,0.00028175
7,19,17,0.00017015
7,19,18,0.00007955
7,19,19,0.00002689
7,19,20,0.00000589
7,19,21,0.00000037
7,19,23,0.00000000
7,20,0,0.00000147
7,20,2,0.00000258
7,20,3,0.00001142
7,20,4,0.00004125
7,20,5,0.00009723
7,20,6,0.00020072
7,20,7,0.00033625
7,20,8,0.00047989
7,20,9,0.00064452
7,20,10,0.00074248
7,20,11,0.00079883
7,20,12,0.00081946
7,20,13,0.00078742
7,20,14,0.00067729
7,20,15,0.00054655
7,20,16,0.00039150
7,20,17,0.00023203
7,20,18,0.00011159
7,20,19,0.00003683
7,20,20,0.00000958
7,20,21,0.00000000
7,21,0,0.00000147
7,21,2,0.00000258
7,21,3,0.00001805
7,21,4,0.00005930
7,21,5,0.00014106
7,21,6,0.00026554
7,21,7,0.00041912
7,21,8,0.00057749
7,21,9,0.00071449
7,21,10,0.00082866
7,21,11,0.00085408
7,21,12,0.00083898
7,21,13,0.00078594
7,21,14,0.00068429
7,21,15,0.00055060
7,21,16,0.00039187
7,21,17,0.00023939
7,21,18,0.00011749
7,21,19,0.00004309
7,21,20,0.00001400
7,21,21,0.00000037
7,21,22,0.00000000
7,22,2,0.00000184
7,22,3,0.00001363
7,22,4,0.00005193
7,22,5,0.00011859
7,22,6,0.00022797
7,22,7,0.00037382
7,22,8,0.00052224
7,22,9,0.00064857
7,22,10,0.00076016
7,22,11,0.00083934
7,22,12,0.00055735
7,22,13,0.00078042
7,22,14,0.00063163
7,22,15,0.00051267
7,22,16,0.00036572
7,22,17,0.00020956
7,22,18,0.00010091
7,22,19,0.00003572
7,22,20,0.00001129
7,22,21,0.00000110
7,22,22,0.00000147
7,23,0,0.00000147
7,23,2,0.00000246
7,23,3,0.00001326
7,23,4,0.00004677
7,23,5,0.00011970
7,23,6,0.00023166
7,23,7,0.00038597
7,23,8,0.00054766
7,23,9,0.00069350
7,23,10,0.00078115
7,23,11,0.00083345
7,23,12,0.00080657
7,23,13,0.00076090
7,23,14,0.00060474
7,23,15,0.00049609
7,23,16,0.00032410
7,23,17,0.00019151
7,23,18,0.00008213
7,23,19,0.00003094
7,23,20,0.00000847
7,23,21,0.00000037
7,23,22,0.00000000
7,24,0,0.00000147
7,24,2,0.00000246
7,24,3,0.00000921
7,24,4,0.00003757
7,24,5,0.00009023
7,24,6,0.00018746
7,24,7,0.00030900
7,24,8,0.00046221
7,24,9,0.00058964
7,24,10,0.00064231
7,24,11,0.00068982
7,24,12,0.00069718
7,24,13,0.00066367
7,24,14,0.00056165
7,24,15,0.00046111
7,24,16,0.00030863
7,24,17,0.00017789
7,24,18,0.00007992
7,24,19,0.00002541
7,24,20,0.00000589
7,24,21,0.00000074
7,24,23,0.00000000
7,25,1,0.00000000
7,25,2,0.00000295
7,25,3,0.00000884
7,25,4,0.00002725
7,25,5,0.00006961
7,25,6,0.00015874
7,25,7,0.00026517
7,25,8,0.00040071
7,25,9,0.00050530
7,25,10,0.00063236
7,25,11,0.00068613
7,25,12,0.00084561
7,25,13,0.00064746
7,25,14,0.00053255
7,25,15,0.00041765
7,25,16,0.00029022
7,25,17,0.00016942
7,25,18,0.00007587
7,25,19,0.00002283
7,25,20,0.00000442
7,25,21,0.00000000
7,26,2,0.00000442
7,26,3,0.00001068
7,26,4,0.00003572
7,26,5,0.00008250
7,26,6,0.00015284
7,26,7,0.00026296
7,26,8,0.00040954
7,26,9,0.00050014
7,26,10,0.00053882
7,26,11,0.00055944
7,26,12,0.00054802
7,26,13,0.00053219
7,26,14,0.00051782
7,26,15,0.00043790
7,26,16,0.00032962
7,26,17,0.00020588
7,26,18,0.00009576
7,26,19,0.00002983
7,26,20,0.00000331
7,26,21,0.00000000
7,27,0,0.00000442
7,27,2,0.00000344
7,27,3,0.00001363
7,27,4,0.00004420
7,27,5,0.00010828
7,27,6,0.00021693
7,27,7,0.00036609
7,27,8,0.00053550
7,27,9,0.00066146
7,27,10,0.00069902
7,27,11,0.00069866
7,27,12,0.00067472
7,27,13,0.00060216
7,27,14,0.00058154
7,27,15,0.00045227
7,27,16,0.00031416
7,27,17,0.00018746
7,27,18,0.00007329
7,27,19,0.00001952
7,27,20,0.00000221
7,27,21,0.00000000
7,27,22,0.00000442
7,27,23,0.00000147
7,28,0,0.00000295
7,28,1,0.00000295
7,28,2,0.00000295
7,28,3,0.00000847
7,28,4,0.00003094
7,28,5,0.00008139
7,28,6,0.00017310
7,28,7,0.00028801
7,28,8,0.00039739
7,28,9,0.00049978
7,28,10,0.00053182
7,28,11,0.00057159
7,28,12,0.00059885
7,28,13,0.00056091
7,28,14,0.00048320
7,28,15,0.00039739
7,28,16,0.00025228
7,28,17,0.00013516
7,28,18,0.00005930
7,28,19,0.00001915
7,28,20,0.00000074
7,28,21,0.00000000
7,28,23,0.00000147
7,29,1,0.00000147
7,29,2,0.00000368
7,29,3,0.00000810
7,29,4,0.00002873
7,29,5,0.00006740
7,29,6,0.00012890
7,29,7,0.00021324
7,29,8,0.00032778
7,29,9,0.00040144
7,29,10,0.00042833
7,29,11,0.00043201
7,29,12,0.00039739
7,29,13,0.00033957
7,29,14,0.00032447
7,29,15,0.00026886
7,29,16,0.00020846
7,29,17,0.00013038
7,29,18,0.00005340
7,29,19,0.00001620
7,29,20,0.00000295
7,29,21,0.00000295
7,29,22,0.00000737
7,30,2,0.00001031
7,30,3,0.00000884
7,30,4,0.00002394
7,30,5,0.00006556
7,30,6,0.00013553
7,30,7,0.00026259
7,30,8,0.00041581
7,30,9,0.00059480
7,30,10,0.00068540
7,30,11,0.00075648
7,30,12,0.00076974
7,30,13,0.00073585
7,30,14,0.00065409
7,30,15,0.00053440
7,30,16,0.00035246
7,30,17,0.00019151
7,30,18,0.00007992
7,30,19,0.00002283
7,30,20,0.00000110
7,30,21,0.00000074
7,30,22,0.00000000
7,31,0,0.00000000
7,31,2,0.00000295
7,31,3,0.00000700
7,31,4,0.00003131
7,31,5,0.00008544
7,31,6,0.00016942
7,31,7,0.00028175
7,31,8,0.00041212
7,31,9,0.00055355
7,31,10,0.00062868
7,31,11,0.00065888
7,31,12,0.00065962
7,31,13,0.00061321
7,31,14,0.00051304
7,31,15,0.00040844
7,31,16,0.00026296
7,31,17,0.00014364
7,31,18,0.00005598
7,31,19,0.00001436
7,31,20,0.00000110
7,31,21,0.00000000
8,1,0,0.00000147
8,1,1,0.00000000
8,1,2,0.00000295
8,1,3,0.00000516
8,1,4,0.00002062
8,1,5,0.00005819
8,1,6,0.00013001
8,1,7,0.00022245
8,1,8,0.00034730
8,1,9,0.00048725
8,1,10,0.00057675
8,1,11,0.00061763
8,1,12,0.00041642
8,1,13,0.00060327
8,1,14,0.00050604
8,1,15,0.00038192
8,1,16,0.00025118
8,1,17,0.00013811
8,1,18,0.00005488
8,1,19,0.00001547
8,1,20,0.00000110
8,1,21,0.00000000
8,1,23,0.00000442
8,2,2,0.00000221
8,2,3,0.00000491
8,2,4,0.00001657
8,2,5,0.00004825
8,2,6,0.00011049
8,2,7,0.00019151
8,2,8,0.00028985
8,2,9,0.00039297
8,2,10,0.00045300
8,2,11,0.00052593
8,2,12,0.00055465
8,2,13,0.00052961
8,2,14,0.00045632
8,2,15,0.00037566
8,2,16,0.00026517
8,2,17,0.00014548
8,2,18,0.00006114
8,2,19,0.00001510
8,2,20,0.00000098
8,2,21,0.00000000
8,2,23,0.00000000
8,3,2,0.00000442
8,3,3,0.00000786
8,3,4,0.00002062
8,3,5,0.00005046
8,3,6,0.00010386
8,3,7,0.00020035
8,3,8,0.00031710
8,3,9,0.00043238
8,3,10,0.00053035
8,3,11,0.00063089
8,3,12,0.00069129
8,3,13,0.00068982
8,3,14,0.00057601
8,3,15,0.00045669
8,3,16,0.00030311
8,3,17,0.00017089
8,3,18,0.00006924
8,3,19,0.00001878
8,3,20,0.00000074
8,3,21,0.00000000
8,4,1,0.00000000
8,4,3,0.00000516
8,4,4,0.00002062
8,4,5,0.00005377
8,4,6,0.00010975
8,4,7,0.00018488
8,4,8,0.00026296
8,4,9,0.00033294
8,4,10,0.00041617
8,4,11,0.00044637
8,4,12,0.00046553
8,4,13,0.00043901
8,4,14,0.00041212
8,4,15,0.00031968
8,4,16,0.00021287
8,4,17,0.00012006
8,4,18,0.00004677
8,4,19,0.00001215
8,4,20,0.00000037
8,4,21,0.00000000
8,5,2,0.00000147
8,5,3,0.00000835
8,5,4,0.00003057
8,5,5,0.00007955
8,5,6,0.00016500
8,5,7,0.00029574
8,5,8,0.00044711
8,5,9,0.00060106
8,5,10,0.00069976
8,5,11,0.00074543
8,5,12,0.00073180
8,5,13,0.00064636
8,5,14,0.00053697
8,5,15,0.00040144
8,5,16,0.00025523
8,5,17,0.00014327
8,5,18,0.00006703
8,5,19,0.00001620
8,5,20,0.00000037
8,5,21,0.00000295
8,5,22,0.00000000
8,6,0,0.00000589
8,6,2,0.00000147
8,6,3,0.00000982
8,6,4,0.00003278
8,6,5,0.00008950
8,6,6,0.00018157
8,6,7,0.00032594
8,6,8,0.00049057
8,6,9,0.00066219
8,6,10,0.00074101
8,6,11,0.00099636
8,6,12,0.00074764
8,6,13,0.00069055
8,6,14,0.00057233
8,6,15,0.00044895
8,6,16,0.00029427
8,6,17,0.00015616
8,6,18,0.00006040
8,6,19,0.00001326
8,6,20,0.00000037
8,6,21,0.00000000
8,6,23,0.00000295
8,7,1,0.00000442
8,7,2,0.00000295
8,7,3,0.00000737
8,7,4,0.00003204
8,7,5,0.00009355
8,7,6,0.00019851
8,7,7,0.00034178
8,7,8,0.00049425
8,7,9,0.00064783
8,7,10,0.00071228
8,7,11,0.00073180
8,7,12,0.00071744
8,7,13,0.00065593
8,7,14,0.00060143
8,7,15,0.00047731
8,7,16,0.00031821
8,7,17,0.00018231
8,7,18,0.00007292
8,7,19,0.00001620
8,7,20,0.00000000
8,7,23,0.00000147
8,8,0,0.00000147
8,8,3,0.00000663
8,8,4,0.00002946
8,8,5,0.00008913
8,8,6,0.00019741
8,8,7,0.00034362
8,8,8,0.00050751
8,8,9,0.00064857
8,8,10,0.00073585
8,8,11,0.00076937
8,8,12,0.00077379
8,8,13,0.00071081
8,8,14,0.00059038
8,8,15,0.00044601
8,8,16,0.00029390
8,8,17,0.00015579
8,8,18,0.00006187
8,8,19,0.00001400
8,8,20,0.00000000
8,9,1,0.00000000
8,9,3,0.00000368
8,9,4,0.00002062
8,9,5,0.00006372
8,9,6,0.00013627
8,9,7,0.00023460
8,9,8,0.00035283
8,9,9,0.00052114
8,9,10,0.00065299
8,9,11,0.00073070
8,9,12,0.00074211
8,9,13,0.00069460
8,9,14,0.00058706
8,9,15,0.00047400
8,9,16,0.00032226
8,9,17,0.00017199
8,9,18,0.00006777
8,9,19,0.00001510
8,9,20,0.00000000
8,9,22,0.00000147
8,10,3,0.00000331
8,10,4,0.00001252
8,10,5,0.00003941
8,10,6,0.00007513
8,10,7,0.00014511
8,10,8,0.00025817
8,10,9,0.00034362
8,10,10,0.00040660
8,10,11,0.00045227
8,10,12,0.00049794
8,10,13,0.00048541
8,10,14,0.00041581
8,10,15,0.00031931
8,10,16,0.00020035
8,10,17,0.00010938
8,10,18,0.00004346
8,10,19,0.00000921
8,10,20,0.00000000
8,10,23,0.00000147
8,11,3,0.00000331
8,11,4,0.00001657
8,11,5,0.00006003
8,11,6,0.00013737
8,11,7,0.00026959
8,11,8,0.00041581
8,11,9,0.00058264
8,11,10,0.00068982
8,11,11,0.00070197
8,11,12,0.00069424
8,11,13,0.00063568
8,11,14,0.00049830
8,11,15,0.00036424
8,11,16,0.00021729
8,11,17,0.00010312
8,11,18,0.00003315
8,11,19,0.00000479
8,11,20,0.00000000
8,11,23,0.00000147
8,12,2,0.00000000
8,12,3,0.00000368
8,12,4,0.00001805
8,12,5,0.00006519
8,12,6,0.00014990
8,12,7,0.00028580
8,12,8,0.00046074
8,12,9,0.00061726
8,12,10,0.00064746
8,12,11,0.00065888
8,12,12,0.00061211
8,12,13,0.00055723
8,12,14,0.00045632
8,12,15,0.00036756
8,12,16,0.00025560
8,12,17,0.00014327
8,12,18,0.00004972
8,12,19,0.00000479
8,12,20,0.00000000
8,12,23,0.00000147
8,13,2,0.00000000
8,13,3,0.00000344
8,13,4,0.00002136
8,13,5,0.00007992
8,13,6,0.00018783
8,13,7,0.00032815
8,13,8,0.00048173
8,13,9,0.00063862
8,13,10,0.00069240
8,13,11,0.00071633
8,13,12,0.00055441
8,13,13,0.00062721
8,13,14,0.00050199
8,13,15,0.00039076
8,13,16,0.00024492
8,13,17,0.00012117
8,13,18,0.00003941
8,13,19,0.00000479
8,13,20,0.00000000
8,13,22,0.00000147
8,13,23,0.00000295
8,14,0,0.00000295
8,14,1,0.00000147
8,14,3,0.00000221
8,14,4,0.00001657
8,14,5,0.00006003
8,14,6,0.00014069
8,14,7,0.00026665
8,14,8,0.00041838
8,14,9,0.00053440
8,14,10,0.00059148
8,14,11,0.00065630
8,14,12,0.00070013
8,14,13,0.00068834
8,14,14,0.00060032
8,14,15,0.00046221
8,14,16,0.00028175
8,14,17,0.00013038
8,14,18,0.00003867
8,14,19,0.00000037
8,14,20,0.00000000
8,14,22,0.00000147
8,15,2,0.00000147
8,15,3,0.00000295
8,15,4,0.00001142
8,15,5,0.00004014
8,15,6,0.00009355
8,15,7,0.00016389
8,15,8,0.00024492
8,15,9,0.00038781
8,15,10,0.00042317
8,15,11,0.00042059
8,15,12,0.00039187
8,15,13,0.00033736
8,15,14,0.00029721
8,15,15,0.00019704
8,15,16,0.00010791
8,15,17,0.00004825
8,15,18,0.00001473
8,15,19,0.00000037
8,15,20,0.00000000
8,15,23,0.00000147
8,16,2,0.00000000
8,16,3,0.00000368
8,16,4,0.00000687
8,16,5,0.00001694
8,16,6,0.00004125
8,16,7,0.00008176
8,16,8,0.00012669
8,16,9,0.00022356
8,16,10,0.00026591
8,16,11,0.00031637
8,16,12,0.00035872
8,16,13,0.00035909
8,16,14,0.00034030
8,16,15,0.00025449
8,16,16,0.00015837
8,16,17,0.00008066
8,16,18,0.00002799
8,16,19,0.00000037
8,16,20,0.00000000
8,17,3,0.00000331
8,17,4,0.00001731
8,17,5,0.00006224
8,17,6,0.00015653
8,17,7,0.00031710
8,17,8,0.00052040
8,17,9,0.00068540
8,17,10,0.00078263
8,17,11,0.00081430
8,17,12,0.00075243
8,17,13,0.00067914
8,17,14,0.00051672
8,17,15,0.00035946
8,17,16,0.00020846
8,17,17,0.00009613
8,17,18,0.00002946
8,17,19,0.00000074
8,17,20,0.00000000
8,17,22,0.00000295
8,18,2,0.00000147
8,18,3,0.00000442
8,18,4,0.00002013
8,18,5,0.00005745
8,18,6,0.00013627
8,18,7,0.00027401
8,18,8,0.00044711
8,18,9,0.00059737
8,18,10,0.00069976
8,18,11,0.00073733
8,18,12,0.00082302
8,18,13,0.00064673
8,18,14,0.00050199
8,18,15,0.00038192
8,18,16,0.00021729
8,18,17,0.00009355
8,18,18,0.00002652
8,18,19,0.00000037
8,18,20,0.00000000
8,18,22,0.00000147
8,18,23,0.00000295
8,19,2,0.00000147
8,19,3,0.00000258
8,19,4,0.00001719
8,19,5,0.00005451
8,19,6,0.00013995
8,19,7,0.00027512
8,19,8,0.00043017
8,19,9,0.00058227
8,19,10,0.00072849
8,19,11,0.00076163
8,19,12,0.00074617
8,19,13,0.00067656
8,19,14,0.00057601
8,19,15,0.00043643
8,19,16,0.00027585
8,19,17,0.00013295
8,19,18,0.00004162
8,19,19,0.00000074
8,19,20,0.00000000
8,19,21,0.00000147
8,19,22,0.00000295
8,19,23,0.00000442
8,20,0,0.00000295
8,20,1,0.00000295
8,20,2,0.00000147
8,20,3,0.00000295
8,20,4,0.00001547
8,20,5,0.00005303
8,20,6,0.00012117
8,20,7,0.00023792
8,20,8,0.00038082
8,20,9,0.00053329
8,20,10,0.00062905
8,20,11,0.00067545
8,20,12,0.00066367
8,20,13,0.00061284
8,20,14,0.00050014
8,20,15,0.00034288
8,20,16,0.00020330
8,20,17,0.00009392
8,20,18,0.00002910
8,20,19,0.00000037
8,20,20,0.00000000
8,20,22,0.00000295
8,20,23,0.00000442
8,21,2,0.00000147
8,21,3,0.00000663
8,21,4,0.00001436
8,21,5,0.00004420
8,21,6,0.00010423
8,21,7,0.00020440
8,21,8,0.00031637
8,21,9,0.00042833
8,21,10,0.00048615
8,21,11,0.00065311
8,21,12,0.00048247
8,21,13,0.00043091
8,21,14,0.00034215
8,21,15,0.00025228
8,21,16,0.00014290
8,21,17,0.00006187
8,21,18,0.00001768
8,21,19,0.00000037
8,21,20,0.00000000
8,21,21,0.00000147
8,21,22,0.00000295
8,22,3,0.00000147
8,22,4,0.00000921
8,22,5,0.00002762
8,22,6,0.00007366
8,22,7,0.00014658
8,22,8,0.00025744
8,22,9,0.00035540
8,22,10,0.00040623
8,22,11,0.00041139
8,22,12,0.00040402
8,22,13,0.00037492
8,22,14,0.00031821
8,22,15,0.00025670
8,22,16,0.00016242
8,22,17,0.00007219
8,22,18,0.00001952
8,22,19,0.00000000
8,22,21,0.00000147
8,22,22,0.00000295
8,23,3,0.00000147
8,23,4,0.00000773
8,23,5,0.00003131
8,23,6,0.00008102
8,23,7,0.00015468
8,23,8,0.00023571
8,23,9,0.00029390
8,23,10,0.00035135
8,23,11,0.00038671
8,23,12,0.00038745
8,23,13,0.00037161
8,23,14,0.00030421
8,23,15,0.00022761
8,23,16,0.00013332
8,23,17,0.00005488
8,23,18,0.00001142
8,23,19,0.00000000
8,23,21,0.00000147
8,23,22,0.00000295
8,24,2,0.00000147
8,24,4,0.00000663
8,24,5,0.00002578
8,24,6,0.00007476
8,24,7,0.00015505
8,24,8,0.00024786
8,24,9,0.00033699
8,24,10,0.00037603
8,24,11,0.00044343
8,24,12,0.00050493
8,24,13,0.00050272
8,24,14,0.00042759
8,24,15,0.00031121
8,24,16,0.00018231
8,24,17,0.00007329
8,24,18,0.00001768
8,24,19,0.00000000
8,24,21,0.00000147
8,24,22,0.00000295
8,25,3,0.00000147
8,25,4,0.00000589
8,25,5,0.00002431
8,25,6,0.00007329
8,25,7,0.00014990
8,25,8,0.00025707
8,25,9,0.00031784
8,25,10,0.00036830
8,25,11,0.00039076
8,25,12,0.00039297
8,25,13,0.00036498
8,25,14,0.00029758
8,25,15,0.00022834
8,25,16,0.00012890
8,25,17,0.00004861
8,25,18,0.00001031
8,25,19,0.00000037
8,25,20,0.00000000
8,25,21,0.00000147
8,25,23,0.00000295
8,26,0,0.00000295
8,26,2,0.00000147
8,26,4,0.00000810
8,26,5,0.00003572
8,26,6,0.00010791
8,26,7,0.00021729
8,26,8,0.00035577
8,26,9,0.00049941
8,26,10,0.00057712
8,26,11,0.00063457
8,26,12,0.00063199
8,26,13,0.00055797
8,26,14,0.00044269
8,26,15,0.00032299
8,26,16,0.00018341
8,26,17,0.00006556
8,26,18,0.00001436
8,26,19,0.00000000
8,26,21,0.00000147
8,26,22,0.00000295
8,26,23,0.00000442
8,27,3,0.00000147
8,27,4,0.00000921
8,27,5,0.00003683
8,27,6,0.00010717
8,27,7,0.00022908
8,27,8,0.00037308
8,27,9,0.00054655
8,27,10,0.00061653
8,27,11,0.00062684
8,27,12,0.00060953
8,27,13,0.00055760
8,27,14,0.00046589
8,27,15,0.00032336
8,27,16,0.00018525
8,27,17,0.00007182
8,27,18,0.00000737
8,27,19,0.00000000
8,27,21,0.00000147
8,27,22,0.00000295
8,27,23,0.00000442
8,28,2,0.00000295
8,28,3,0.00000147
8,28,4,0.00000491
8,28,5,0.00001768
8,28,6,0.00005819
8,28,7,0.00013958
8,28,8,0.00024676
8,28,9,0.00039997
8,28,10,0.00049646
8,28,11,0.00056055
8,28,12,0.00057270
8,28,13,0.00053035
8,28,14,0.00039260
8,28,15,0.00028248
8,28,16,0.00015468
8,28,17,0.00005303
8,28,18,0.00000258
8,28,19,0.00000000
8,28,21,0.00000147
8,28,22,0.00000295
8,29,0,0.00000295
8,29,3,0.00000147
8,29,4,0.00000442
8,29,5,0.00002062
8,29,6,0.00008139
8,29,7,0.00018709
8,29,8,0.00033810
8,29,9,0.00044085
8,29,10,0.00054176
8,29,11,0.00062131
8,29,12,0.00063420
8,29,13,0.00059075
8,29,14,0.00048099
8,29,15,0.00033441
8,29,16,0.00018488
8,29,17,0.00006224
8,29,18,0.00000258
8,29,19,0.00000000
8,29,22,0.00000147
8,30,2,0.00000147
8,30,3,0.00000000
8,30,4,0.00000442
8,30,5,0.00001989
8,30,6,0.00006408
8,30,7,0.00015616
8,30,8,0.00028690
8,30,9,0.00045632
8,30,10,0.00053182
8,30,11,0.00056091
8,30,12,0.00054397
8,30,13,0.00048431
8,30,14,0.00039481
8,30,15,0.00025339
8,30,16,0.00012596
8,30,17,0.00003830
8,30,18,0.00000147
8,30,19,0.00000000
8,30,21,0.00000147
8,30,22,0.00000295
8,31,3,0.00000147
8,31,4,0.00000491
8,31,5,0.00001841
8,31,6,0.00007697
8,31,7,0.00017862
8,31,8,0.00030569
8,31,9,0.00042428
8,31,10,0.00052814
8,31,11,0.00058743
8,31,12,0.00060585
8,31,13,0.00055318
8,31,14,0.00042538
8,31,15,0.00029427
8,31,16,0.00014327
8,31,17,0.00004714
8,31,18,0.00000074
8,31,19,0.00000000
8,31,21,0.00000147
8,31,22,0.00000295
9,1,1,0.00000074
9,1,3,0.00000147
9,1,4,0.00000491
9,1,5,0.00002320
9,1,6,0.00008544
9,1,7,0.00019041
9,1,8,0.00032889
9,1,9,0.00058191
9,1,10,0.00045043
9,1,11,0.00052396
9,1,12,0.00043385
9,1,13,0.00037235
9,1,14,0.00027954
9,1,15,0.00016978
9,1,16,0.00008360
9,1,17,0.00002615
9,1,18,0.00000110
9,1,19,0.00000000
9,1,22,0.00000147
9,2,3,0.00000000
9,2,4,0.00000405
9,2,5,0.00001289
9,2,6,0.00004714
9,2,7,0.00011675
9,2,8,0.00023571
9,2,9,0.00032631
9,2,10,0.00039187
9,2,11,0.00045006
9,2,12,0.00044932
9,2,13,0.00039923
9,2,14,0.00030789
9,2,15,0.00019814
9,2,16,0.00009207
9,2,17,0.00002615
9,2,18,0.00000074
9,2,19,0.00000000
9,2,21,0.00000147
9,3,4,0.00000442
9,3,5,0.00001105
9,3,6,0.00004051
9,3,7,0.00009686
9,3,8,0.00017789
9,3,9,0.00029058
9,3,10,0.00038303
9,3,11,0.00039187
9,3,12,0.00037713
9,3,13,0.00032079
9,3,14,0.00024050
9,3,15,0.00014548
9,3,16,0.00006372
9,3,17,0.00001915
9,3,18,0.00000074
9,3,19,0.00000000
9,4,4,0.00000442
9,4,5,0.00001547
9,4,6,0.00006408
9,4,7,0.00015800
9,4,8,0.00030348
9,4,9,0.00046626
9,4,10,0.00053808
9,4,11,0.00054324
9,4,12,0.00052372
9,4,13,0.00045742
9,4,14,0.00035467
9,4,15,0.00021914
9,4,16,0.00009502
9,4,17,0.00002689
9,4,18,0.00000074
9,4,19,0.00000000
9,4,21,0.00000147
9,5,4,0.00000687
9,5,5,0.00001731
9,5,6,0.00006224
9,5,7,0.00015432
9,5,8,0.00029500
9,5,9,0.00047731
9,5,10,0.00058007
9,5,11,0.00067177
9,5,12,0.00067214
9,5,13,0.00060032
9,5,14,0.00043569
9,5,15,0.00029095
9,5,16,0.00013774
9,5,17,0.00004346
9,5,18,0.00000147
9,5,19,0.00000049
9,5,20,0.00000000
9,5,21,0.00000147
9,5,22,0.00000295
9,6,3,0.00000147
9,6,4,0.00000687
9,6,5,0.00001915
9,6,6,0.00006813
9,6,7,0.00016205
9,6,8,0.00028396
9,6,9,0.00039223
9,6,10,0.00044969
9,6,11,0.00049094
9,6,12,0.00049573
9,6,13,0.00044969
9,6,14,0.00036830
9,6,15,0.00022245
9,6,16,0.00010128
9,6,17,0.00002946
9,6,18,0.00000110
9,6,19,0.00000000
9,7,4,0.00000442
9,7,5,0.00001436
9,7,6,0.00005488
9,7,7,0.00013958
9,7,8,0.00025707
9,7,9,0.00039371
9,7,10,0.00046295
9,7,11,0.00050199
9,7,12,0.00047510
9,7,13,0.00039223
9,7,14,0.00030532
9,7,15,0.00017973
9,7,16,0.00007624
9,7,17,0.00002357
9,7,18,0.00000074
9,7,19,0.00000000
9,7,20,0.00000000
9,7,21,0.00000147
9,8,3,0.00000000
9,8,4,0.00000344
9,8,5,0.00001252
9,8,6,0.00005267
9,8,7,0.00013922
9,8,8,0.00026333
9,8,9,0.00042538
9,8,10,0.00054287
9,8,11,0.00061063
9,8,12,0.00060548
9,8,13,0.00055171
9,8,14,0.00039518
9,8,15,0.00025191
9,8,16,0.00010423
9,8,17,0.00002431
9,8,18,0.00000000
9,9,4,0.00000246
9,9,5,0.00001252
9,9,6,0.00004861
9,9,7,0.00012412
9,9,8,0.00023939
9,9,9,0.00036388
9,9,10,0.00045411
9,9,11,0.00052003
9,9,12,0.00051267
9,9,13,0.00044711
9,9,14,0.00031931
9,9,15,0.00020440
9,9,16,0.00009244
9,9,17,0.00002357
9,9,18,0.00000037
9,9,19,0.00000000
9,10,4,0.00000147
9,10,5,0.00000810
9,10,6,0.00003978
9,10,7,0.00010386
9,10,8,0.00020919
9,10,9,0.00034841
9,10,10,0.00042207
9,10,11,0.00047621
9,10,12,0.00046884
9,10,13,0.00039444
9,10,14,0.00022908
9,10,15,0.00015174
9,10,16,0.00006556
9,10,17,0.00001768
9,10,18,0.00000000
9,11,4,0.00000147
9,11,5,0.00000847
9,11,6,0.00003793
9,11,7,0.00009870
9,11,8,0.00018488
9,11,9,0.00026701
9,11,10,0.00037603
9,11,11,0.00041581
9,11,12,0.00040365
9,11,13,0.00034288
9,11,14,0.00024528
9,11,15,0.00013443
9,11,16,0.00005524
9,11,17,0.00001031
9,11,18,0.00000000
9,12,4,0.00000147
9,12,5,0.00001031
9,12,6,0.00002762
9,12,7,0.00006813
9,12,8,0.00013480
9,12,9,0.00020882
9,12,10,0.00036240
9,12,11,0.00032594
9,12,12,0.00031821
9,12,13,0.00026849
9,12,14,0.00020219
9,12,15,0.00011417
9,12,16,0.00004162
9,12,17,0.00000295
9,12,18,0.00000000
9,13,5,0.00001031
9,13,6,0.00003167
9,13,7,0.00008397
9,13,8,0.00017052
9,13,9,0.00031416
9,13,10,0.00040733
9,13,11,0.00049094
9,13,12,0.00051414
9,13,13,0.00046258
9,13,14,0.00031268
9,13,15,0.00020330
9,13,16,0.00008029
9,13,17,0.00000258
9,13,18,0.00000000
9,14,5,0.00000884
9,14,6,0.00003830
9,14,7,0.00011086
9,14,8,0.00023092
9,14,9,0.00038781
9,14,10,0.00053624
9,14,11,0.00059627
9,14,12,0.00056791
9,14,13,0.00046958
9,14,14,0.00032079
9,14,15,0.00019078
9,14,16,0.00007108
9,14,17,0.00000184
9,14,18,0.00000000
9,14,19,0.00000000
9,15,5,0.00000835
9,15,6,0.00002983
9,15,7,0.00008508
9,15,8,0.00016205
9,15,9,0.00023460
9,15,10,0.00034374
9,15,11,0.00028874
9,15,12,0.00026849
9,15,13,0.00022208
9,15,14,0.00016463
9,15,15,0.00012227
9,15,16,0.00003499
9,15,17,0.00000110
9,15,18,0.00000000
9,16,5,0.00000552
9,16,6,0.00002541
9,16,7,0.00007145
9,16,8,0.00013774
9,16,9,0.00019777
9,16,10,0.00025339
9,16,11,0.00038303
9,16,12,0.00029537
9,16,13,0.00025633
9,16,14,0.00016426
9,16,15,0.00008434
9,16,16,0.00002689
9,16,17,0.00000074
9,16,18,0.00000000
9,17,5,0.00000638
9,17,6,0.00002320
9,17,7,0.00006961
9,17,8,0.00015063
9,17,9,0.00026665
9,17,10,0.00034546
9,17,11,0.00039481
9,17,12,0.00040660
9,17,13,0.00048124
9,17,14,0.00027328
9,17,15,0.00016905
9,17,16,0.00006445
9,17,17,0.00000147
9,17,18,0.00000000
9,17,19,0.00000000
9,18,5,0.00000786
9,18,6,0.00003241
9,18,7,0.00009244
9,18,8,0.00018194
9,18,9,0.00027254
9,18,10,0.00034988
9,18,11,0.00066219
9,18,12,0.00054311
9,18,13,0.00038597
9,18,14,0.00027070
9,18,15,0.00016426
9,18,16,0.00006040
9,18,17,0.00000110
9,18,18,0.00000000
9,19,5,0.00000687
9,19,6,0.00002873
9,19,7,0.00009355
9,19,8,0.00019556
9,19,9,0.00042379
9,19,10,0.00040807
9,19,11,0.00046184
9,19,12,0.00043569
9,19,13,0.00036019
9,19,14,0.00023792
9,19,15,0.00013185
9,19,16,0.00004493
9,19,17,0.00000037
9,19,18,0.00000000
9,20,5,0.00000479
9,20,6,0.00002504
9,20,7,0.00009134
9,20,8,0.00018967
9,20,9,0.00031710
9,20,10,0.00041912
9,20,11,0.00046147
9,20,12,0.00043348
9,20,13,0.00035761
9,20,14,0.00023460
9,20,15,0.00012927
9,20,16,0.00004014
9,20,17,0.00000037
9,20,18,0.00000000
9,21,5,0.00000491
9,21,6,0.00002173
9,21,7,0.00007550
9,21,8,0.00015837
9,21,9,0.00033294
9,21,10,0.00031489
9,21,11,0.00032999
9,21,12,0.00030090
9,21,13,0.00023497
9,21,14,0.00016021
9,21,15,0.00008250
9,21,16,0.00002247
9,21,17,0.00000037
9,21,19,0.00000000
9,22,5,0.00000221
9,22,6,0.00001473
9,22,7,0.00005267
9,22,8,0.00010644
9,22,9,0.00017015
9,22,10,0.00024418
9,22,11,0.00028580
9,22,12,0.00028432
9,22,13,0.00023645
9,22,14,0.00015100
9,22,15,0.00007587
9,22,16,0.00002504
9,22,17,0.00000037
9,22,18,0.00000000
9,23,5,0.00000442
9,23,6,0.00001878
9,23,7,0.00006592
9,23,8,0.00014106
9,23,9,0.00023829
9,23,10,0.00028432
9,23,11,0.00031637
9,23,12,0.00030532
9,23,13,0.00024676
9,23,14,0.00016315
9,23,15,0.00008765
9,23,16,0.00003020
9,23,17,0.00000000
9,24,5,0.00000589
9,24,6,0.00002026
9,24,7,0.00006924
9,24,8,0.00015837
9,24,9,0.00029316
9,24,10,0.00036793
9,24,11,0.00040402
9,24,12,0.00037345
9,24,13,0.00028948
9,24,14,0.00016978
9,24,15,0.00007255
9,24,16,0.00002062
9,24,17,0.00000000
9,25,5,0.00000491
9,25,6,0.00001878
9,25,7,0.00006298
9,25,8,0.00012669
9,25,9,0.00021766
9,25,10,0.00026554
9,25,11,0.00028653
9,25,12,0.00026259
9,25,13,0.00019630
9,25,14,0.00011454
9,25,15,0.00006040
9,25,16,0.00001620
9,25,17,0.00000000
9,26,5,0.00000344
9,26,6,0.00001473
9,26,7,0.00005819
9,26,8,0.00012596
9,26,9,0.00024749
9,26,10,0.00029869
9,26,11,0.00033883
9,26,12,0.00032410
9,26,13,0.00033196
9,26,14,0.00012227
9,26,15,0.00006261
9,26,16,0.00001731
9,26,17,0.00000000
9,27,5,0.00000393
9,27,6,0.00001805
9,27,7,0.00006629
9,27,8,0.00014216
9,27,9,0.00024492
9,27,10,0.00030016
9,27,11,0.00033220
9,27,12,0.00031710
9,27,13,0.00025781
9,27,14,0.00014290
9,27,15,0.00006519
9,27,16,0.00001105
9,27,17,0.00000037
9,27,18,0.00000000
9,28,5,0.00000442
9,28,6,0.00002455
9,28,7,0.00007992
9,28,8,0.00018599
9,28,9,0.00033773
9,28,10,0.00041323
9,28,11,0.00044932
9,28,12,0.00043496
9,28,13,0.00035209
9,28,14,0.00021987
9,28,15,0.00010239
9,28,16,0.00001252
9,28,17,0.00000000
9,29,5,0.00000368
9,29,6,0.00001289
9,29,7,0.00005414
9,29,8,0.00013185
9,29,9,0.00023129
9,29,10,0.00034325
9,29,11,0.00041802
9,29,12,0.00041802
9,29,13,0.00032889
9,29,14,0.00018746
9,29,15,0.00009023
9,29,16,0.00000368
9,29,17,0.00000000
9,30,5,0.00000147
9,30,6,0.00001436
9,30,7,0.00006372
9,30,8,0.00015653
9,30,9,0.00027880
9,30,10,0.00035872
9,30,11,0.00040034
9,30,12,0.00038008
9,30,13,0.00030421
9,30,14,0.00019409
9,30,15,0.00009023
9,30,16,0.00000295
9,30,17,0.00000000
10,1,1,0.00000000
10,1,5,0.00000221
10,1,6,0.00001436
10,1,7,0.00006224
10,1,8,0.00015616
10,1,9,0.00028027
10,1,10,0.00037345
10,1,11,0.00042575
10,1,12,0.00041838
10,1,13,0.00033920
10,1,14,0.00020477
10,1,15,0.00009870
10,1,16,0.00000295
10,1,17,0.00000000
10,2,6,0.00001657
10,2,7,0.00006151
10,2,8,0.00015837
10,2,9,0.00026002
10,2,10,0.00033257
10,2,11,0.00036940
10,2,12,0.00034914
10,2,13,0.00025817
10,2,14,0.00012669
10,2,15,0.00006003
10,2,16,0.00000110
10,2,17,0.00000000
10,3,6,0.00001031
10,3,7,0.00004825
10,3,8,0.00012633
10,3,9,0.00023866
10,3,10,0.00031968
10,3,11,0.00037271
10,3,12,0.00036167
10,3,13,0.00028874
10,3,14,0.00014364
10,3,15,0.00006003
10,3,16,0.00000074
10,3,17,0.00000000
10,4,6,0.00000737
10,4,7,0.00002836
10,4,8,0.00008508
10,4,9,0.00017825
10,4,10,0.00024639
10,4,11,0.00027033
10,4,12,0.00024897
10,4,13,0.00019520
10,4,14,0.00010938
10,4,15,0.00004420
10,4,16,0.00000074
10,4,17,0.00000000
10,5,6,0.00001277
10,5,7,0.00003941
10,5,8,0.00010754
10,5,9,0.00019998
10,5,10,0.00026149
10,5,11,0.00039138
10,5,12,0.00035504
10,5,13,0.00027499
10,5,14,0.00010791
10,5,15,0.00004383
10,5,16,0.00000000
10,6,6,0.00000982
10,6,7,0.00002615
10,6,8,0.00007034
10,6,9,0.00013038
10,6,10,0.00017126
10,6,11,0.00019151
10,6,12,0.00017273
10,6,13,0.00013111
10,6,14,0.00005856
10,6,15,0.00002394
10,6,16,0.00000110
10,6,17,0.00000049
10,6,19,0.00000000
10,7,6,0.00000589
10,7,7,0.00002615
10,7,8,0.00008029
10,7,9,0.00018894
10,7,10,0.00023976
10,7,11,0.00027217
10,7,12,0.00024823
10,7,13,0.00018231
10,7,14,0.00009134
10,7,15,0.00003499
10,7,16,0.00000037
10,7,17,0.00000000
10,8,6,0.00000737
10,8,7,0.00002431
10,8,8,0.00006556
10,8,9,0.00013885
10,8,10,0.00018930
10,8,11,0.00022356
10,8,12,0.00019925
10,8,13,0.00014327
10,8,14,0.00006261
10,8,15,0.00002652
10,8,16,0.00000074
10,8,17,0.00000000
10,9,6,0.00000810
10,9,7,0.00003830
10,9,8,0.00010054
10,9,9,0.00019262
10,9,10,0.00023939
10,9,11,0.00025118
10,9,12,0.00020293
10,9,13,0.00012780
10,9,14,0.00005377
10,9,15,0.00002283
10,9,16,0.00000037
10,9,17,0.00000000
10,10,6,0.00000589
10,10,7,0.00002946
10,10,8,0.00009576
10,10,9,0.00016757
10,10,10,0.00023718
10,10,11,0.00025670
10,10,12,0.00026468
10,10,13,0.00012964
10,10,14,0.00004972
10,10,15,0.00001878
10,10,16,0.00000037
10,10,17,0.00000000
10,11,6,0.00000958
10,11,7,0.00003290
10,11,8,0.00008299
10,11,9,0.00012191
10,11,10,0.00019409
10,11,11,0.00023755
10,11,12,0.00031133
10,11,13,0.00017678
10,11,14,0.00008913
10,11,15,0.00003904
10,11,16,0.00000000
10,12,6,0.00001031
10,12,7,0.00003867
10,12,8,0.00011270
10,12,9,0.00021472
10,12,10,0.00029906
10,12,11,0.00033957
10,12,12,0.00031637
10,12,13,0.00022908
10,12,14,0.00011123
10,12,15,0.00003867
10,12,16,0.00000037
10,12,17,0.00000000
10,13,6,0.00000994
10,13,7,0.00003241
10,13,8,0.00008986
10,13,9,0.00017420
10,13,10,0.00022724
10,13,11,0.00030544
10,13,12,0.00023166
10,13,13,0.00015653
10,13,14,0.00005598
10,13,15,0.00001694
10,13,16,0.00000037
10,13,17,0.00000000
10,14,6,0.00000626
10,14,7,0.00002652
10,14,8,0.00003941
10,14,9,0.00007440
10,14,10,0.00010644
10,14,11,0.00012080
10,14,12,0.00002283
10,14,13,0.00009318
10,14,14,0.00003683
10,14,15,0.00001031
10,14,16,0.00000074
10,14,17,0.00000000
10,15,6,0.00000491
10,15,7,0.00002247
10,15,8,0.00007182
10,15,9,0.00017457
10,15,10,0.00023608
10,15,11,0.00026223
10,15,12,0.00022982
10,15,13,0.00015947
10,15,14,0.00007882
10,15,15,0.00000884
10,15,16,0.00000000
10,16,6,0.00000393
10,16,7,0.00001657
10,16,8,0.00006372
10,16,9,0.00014437
10,16,10,0.00019851
10,16,11,0.00023718
10,16,12,0.00022834
10,16,13,0.00016721
10,16,14,0.00006961
10,16,15,0.00000589
10,16,16,0.00000000
10,17,6,0.00000331
10,17,7,0.00002173
10,17,8,0.00007145
10,17,9,0.00017015
10,17,10,0.00024602
10,17,11,0.00030237
10,17,12,0.00026370
10,17,13,0.00017678
10,17,14,0.00006740
10,17,15,0.00000589
10,17,16,0.00000000
10,18,6,0.00000368
10,18,7,0.00001068
10,18,8,0.00004051
10,18,9,0.00010460
10,18,10,0.00015358
10,18,11,0.00018304
10,18,12,0.00017678
10,18,13,0.00012301
10,18,14,0.00004567
10,18,15,0.00000221
10,18,16,0.00000000
10,19,6,0.00000147
10,19,7,0.00000700
10,19,8,0.00002431
10,19,9,0.00006556
10,19,10,0.00010607
10,19,11,0.00013516
10,19,12,0.00012485
10,19,13,0.00007734
10,19,14,0.00002615
10,19,15,0.00000184
10,19,16,0.00000000
10,20,7,0.00000773
10,20,8,0.00003830
10,20,9,0.00008508
10,20,10,0.00010828
10,20,11,0.00011712
10,20,12,0.00013259
10,20,13,0.00006924
10,20,14,0.00002504
10,20,15,0.00000184
10,20,16,0.00000000
10,21,7,0.00000737
10,21,8,0.00002603
10,21,9,0.00004788
10,21,10,0.00006850
10,21,11,0.00011294
10,21,12,0.00008839
10,21,13,0.00006408
10,21,14,0.00002762
10,21,15,0.00000110
10,21,16,0.00000000
10,22,7,0.00000773
10,22,8,0.00003057
10,22,9,0.00007882
10,22,10,0.00010128
10,22,11,0.00011638
10,22,12,0.00009833
10,22,13,0.00006151
10,22,14,0.00002062
10,22,15,0.00000110
10,22,16,0.00000000
10,23,7,0.00000569
10,23,8,0.00002726
10,23,9,0.00006918
10,23,10,0.00010364
10,23,11,0.00012808
10,23,12,0.00011134
10,23,13,0.00006797
10,23,14,0.00002382
10,23,15,0.00000110
10,23,16,0.00000000
10,24,7,0.00000482
10,24,8,0.00001724
10,24,9,0.00004488
10,24,10,0.00006926
10,24,11,0.00008566
10,24,12,0.00007821
10,24,13,0.00004765
10,24,14,0.00001668
10,24,15,0.00000042
10,24,16,0.00000000
10,25,7,0.00000313
10,25,8,0.00001300
10,25,9,0.00003057
10,25,10,0.00004452
10,25,11,0.00005117
10,25,12,0.00004355
10,25,13,0.00002506
10,25,14,0.00000684
10,25,15,0.00000001
10,25,16,0.00000000
10,26,7,0.00000393
10,26,8,0.00001348
10,26,9,0.00003487
10,26,10,0.00005863
10,26,11,0.00007282
10,26,12,0.00006957
10,26,13,0.00004316
10,26,14,0.00001512
10,26,15,0.00000137
10,26,16,0.00000000
10,27,7,0.00000081
10,27,8,0.00000490
10,27,9,0.00001265
10,27,10,0.00001745
10,27,11,0.00001829
10,27,12,0.00002153
10,27,13,0.00001368
10,27,14,0.00000505
10,27,15,0.00000266
10,27,16,0.00000000
10,28,7,0.00000106
10,28,8,0.00001407
10,28,9,0.00003298
10,28,10,0.00005837
10,28,11,0.00006510
10,28,12,0.00006062
10,28,13,0.00003154
10,28,14,0.00000893
10,28,15,0.00000160
10,28,16,0.00000000
10,29,7,0.00000022
10,29,8,0.00000833
10,29,9,0.00001982
10,29,10,0.00003231
10,29,11,0.00004305
10,29,12,0.00003537
10,29,13,0.00002108
10,29,14,0.00000594
10,29,15,0.00000130
10,29,16,0.00000000
10,30,7,0.00000022
10,30,8,0.00001051
10,30,9,0.00002376
10,30,10,0.00005239
10,30,11,0.00005604
10,30,12,0.00005202
10,30,13,0.00003262
10,30,14,0.00001493
10,30,15,0.00000227
10,30,16,0.00000000
10,31,7,0.00000011
10,31,8,0.00001219
10,31,9,0.00003267
10,31,10,0.00005674
10,31,11,0.00007271
10,31,12,0.00007317
10,31,13,0.00003220
10,31,14,0.00001141
10,31,15,0.00000108
10,31,16,0.00000000
11,1,1,0.00000000
11,1,7,0.00000022
11,1,8,0.00000602
11,1,9,0.00001467
11,1,10,0.00002402
11,1,11,0.00002906
11,1,12,0.00002504
11,1,13,0.00001261
11,1,14,0.00000495
11,1,15,0.00000009
11,1,16,0.00000000
11,2,7,0.00000007
11,2,8,0.00001115
11,2,9,0.00002044
11,2,10,0.00003574
11,2,11,0.00004502
11,2,12,0.00004092
11,2,13,0.00002385
11,2,14,0.00000894
11,2,15,0.00000000
11,3,7,0.00000015
11,3,8,0.00000485
11,3,9,0.00000654
11,3,10,0.00001109
11,3,11,0.00001824
11,3,12,0.00002228
11,3,13,0.00001248
11,3,14,0.00000563
11,3,15,0.00000000
11,4,8,0.00000627
11,4,9,0.00001079
11,4,10,0.00001599
11,4,11,0.00002472
11,4,12,0.00001615
11,4,13,0.00001195
11,4,14,0.00000366
11,4,15,0.00000000
11,5,8,0.00000429
11,5,9,0.00001062
11,5,10,0.00001702
11,5,11,0.00003306
11,5,12,0.00002437
11,5,13,0.00001539
11,5,14,0.00000804
11,5,15,0.00000000
11,6,8,0.00000523
11,6,9,0.00002029
11,6,10,0.00003545
11,6,11,0.00005182
11,6,12,0.00003397
11,6,13,0.00001959
11,6,14,0.00000780
11,6,15,0.00000000
11,7,8,0.00000622
11,7,9,0.00001075
11,7,10,0.00002042
11,7,11,0.00002638
11,7,12,0.00002336
11,7,13,0.00001063
11,7,14,0.00000422
11,7,15,0.00000000
11,8,8,0.00000118
11,8,9,0.00001066
11,8,10,0.00002124
11,8,11,0.00002560
11,8,12,0.00002053
11,8,13,0.00000827
11,8,14,0.00000335
11,8,15,0.00000000
11,9,8,0.00000238
11,9,9,0.00001519
11,9,10,0.00003777
11,9,11,0.00003897
11,9,12,0.00004216
11,9,13,0.00001604
11,9,14,0.00000458
11,9,15,0.00000000
11,10,8,0.00000291
11,10,9,0.00001173
11,10,10,0.00002189
11,10,11,0.00003410
11,10,12,0.00002605
11,10,13,0.00001104
11,10,14,0.00000834
11,10,15,0.00000000
11,11,8,0.00000120
11,11,9,0.00001183
11,11,10,0.00002941
11,11,11,0.00003126
11,11,12,0.00002533
11,11,13,0.00001016
11,11,14,0.00000469
11,11,15,0.00000000
11,12,8,0.00000007
11,12,9,0.00000917
11,12,10,0.00001963
11,12,11,0.00002456
11,12,12,0.00001965
11,12,13,0.00001042
11,12,14,0.00000376
11,12,15,0.00000000
11,13,8,0.00000037
11,13,9,0.00001040
11,13,10,0.00002379
11,13,11,0.00003504
11,13,12,0.00002827
11,13,13,0.00001382
11,13,14,0.00000268
11,13,15,0.00000000
11,14,8,0.00000099
11,14,9,0.00001266
11,14,10,0.00002700
11,14,11,0.00003951
11,14,12,0.00002482
11,14,13,0.00001102
11,14,14,0.00000285
11,14,15,0.00000000
11,15,8,0.00000022
11,15,9,0.00000640
11,15,10,0.00001460
11,15,11,0.00001769
11,15,12,0.00001389
11,15,13,0.00000531
11,15,14,0.00000139
11,15,15,0.00000000
11,16,8,0.00000022
11,16,9,0.00000707
11,16,10,0.00001480
11,16,11,0.00002002
11,16,12,0.00001690
11,16,13,0.00000641
11,16,14,0.00000192
11,16,15,0.00000000
11,17,8,0.00000022
11,17,9,0.00000628
11,17,10,0.00001618
11,17,11,0.00001967
11,17,12,0.00001375
11,17,13,0.00000564
11,17,14,0.00000083
11,17,15,0.00000000
11,18,8,0.00000011
11,18,9,0.00000392
11,18,10,0.00001075
11,18,11,0.00001992
11,18,12,0.00001245
11,18,13,0.00000324
11,18,14,0.00000031
11,18,15,0.00000000
11,19,9,0.00000387
11,19,10,0.00000483
11,19,11,0.00001228
11,19,12,0.00000889
11,19,13,0.00000322
11,19,14,0.00000031
11,19,15,0.00000000
11,20,9,0.00000495
11,20,10,0.00000756
11,20,11,0.00001155
11,20,12,0.00000849
11,20,13,0.00000350
11,20,14,0.00000000
11,21,9,0.00000328
11,21,10,0.00000794
11,21,11,0.00000946
11,21,12,0.00001109
11,21,13,0.00000334
11,21,14,0.00000000
11,22,9,0.00000029
11,22,10,0.00000297
11,22,11,0.00000412
11,22,12,0.00000387
11,22,13,0.00000054
11,22,14,0.00000000
11,23,9,0.00000103
11,23,10,0.00000439
11,23,11,0.00000592
11,23,12,0.00000569
11,23,13,0.00000153
11,23,14,0.00000000
11,24,9,0.00000074
11,24,10,0.00000419
11,24,11,0.00001028
11,24,12,0.00000825
11,24,13,0.00000139
11,24,14,0.00000000
11,25,9,0.00000110
11,25,10,0.00000406
11,25,11,0.00000842
11,25,12,0.00000921
11,25,13,0.00000159
11,25,14,0.00000000
11,26,9,0.00000088
11,26,10,0.00000395
11,26,11,0.00000447
11,26,12,0.00000433
11,26,13,0.00000086
11,26,14,0.00000000
11,27,9,0.00000018
11,27,10,0.00000379
11,27,11,0.00000466
11,27,12,0.00000383
11,27,13,0.00000103
11,27,14,0.00000000
11,28,9,0.00000018
11,28,10,0.00000255
11,28,11,0.00000298
11,28,12,0.00000246
11,28,13,0.00000152
11,28,14,0.00000000
11,29,9,0.00000041
11,29,10,0.00000285
11,29,11,0.00000447
11,29,12,0.00000270
11,29,13,0.00000308
11,29,14,0.00000000
11,30,9,0.00000022
11,30,10,0.00000377
11,30,11,0.00000576
11,30,12,0.00000556
11,30,13,0.00000101
11,30,14,0.00000000
12,1,0,0.00000000
12,1,1,0.00000000
12,1,10,0.00000295
12,1,11,0.00000221
12,1,12,0.00000304
12,1,13,0.00000085
12,1,14,0.00000000
12,2,10,0.00000284
12,2,11,0.00000295
12,2,12,0.00000118
12,2,13,0.00000083
12,2,14,0.00000000
12,3,9,0.00000088
12,3,10,0.00000419
12,3,11,0.00000703
12,3,12,0.00000438
12,3,13,0.00000346
12,3,14,0.00000000
12,4,10,0.00000295
12,4,11,0.00000884
12,4,12,0.00000442
12,4,13,0.00000000
12,4,14,0.00000000
12,5,10,0.00000295
12,5,12,0.00000295
12,5,13,0.00000000
12,5,14,0.00000000
12,6,10,0.00000147
12,6,11,0.00000221
12,6,12,0.00000074
12,6,14,0.00000000
12,7,10,0.00000147
12,7,11,0.00000221
12,7,13,0.00000000
12,7,14,0.00000000
12,8,10,0.00000221
12,8,14,0.00000000
12,9,10,0.00000221
12,9,13,0.00000074
12,9,14,0.00000000
12,10,10,0.00000221
12,10,13,0.00000074
12,10,14,0.00000000
12,11,11,0.00000147
12,11,13,0.00000000
12,12,11,0.00000147
12,12,12,0.00000000
12,12,13,0.00000000
12,14,0,0.00000000
12,14,11,0.00000221
12,14,13,0.00000000
12,15,10,0.00000147
12,15,11,0.00000147
12,15,13,0.00000000
12,16,11,0.00000147
12,16,12,0.00000147
12,16,13,0.00000000
12,17,11,0.00000368
12,17,12,0.00000442
12,17,13,0.00000074
12,17,14,0.00000000
12,18,11,0.00000147
12,18,13,0.00000000
12,19,11,0.00000147
12,19,12,0.00000147
12,19,13,0.00000000
12,20,11,0.00000147
12,20,14,0.00000000
12,21,11,0.00000147
12,21,12,0.00000000
12,21,14,0.00000000
12,22,11,0.00000147
12,22,13,0.00000000
12,23,11,0.00000147
12,23,13,0.00000000
12,24,11,0.00000147
12,24,13,0.00000000
12,25,11,0.00000196
12,25,12,0.00000147
12,25,13,0.00000000
12,25,14,0.00000000
12,26,11,0.00000221
12,26,13,0.00000000
12,26,14,0.00000000
12,27,11,0.00000147
12,27,13,0.00000000
12,28,11,0.00000147
12,28,12,0.00000147
12,28,13,0.00000000
12,28,14,0.00000000
12,29,12,0.00000147
12,29,13,0.00000295
12,29,14,0.00000000
12,30,12,0.00000147
12,30,13,0.00000442
12,30,14,0.00000000
12,31,11,0.00000147
12,31,14,0.00000000
